  14.06127,  -4.46659
  13.85484,  -4.45549
  13.61552,  -4.70689
  13.42736,  -4.06334
  13.26868,  -3.82019
  13.13290,  -3.78904
  13.02673,  -2.88938
  12.89300,  -2.14553
  12.79379,  -1.63291
  12.64813,  -1.33352
  12.64395,   0.47048
  12.61863,   1.21202
  12.57344,   2.37048
  12.49659,   2.90482
  12.47061,   3.44463
  12.43376,   4.89597
  12.37819,   5.32832
  12.35020,   5.77466
  12.29394,   6.38772
  12.23848,   6.57968
  12.15086,   6.59749
  12.02207,   4.76291
  11.88625,   5.54527
  11.75839,   6.01851
  11.61599,   3.95492
  11.45911,   4.91193
  11.35104,   4.30060
  11.13086,   2.48665
  10.91006,   3.07157
  10.67045,  -0.48283
  10.43652,   0.59638
  10.14833,  -2.17025
   9.80801,  -5.94052
   9.51797,  -5.02963
   9.29968,  -8.56621
   9.26424,  -8.27643
   9.14350, -10.07745
   9.10847,  -9.96183
   9.39489,  -7.53831
   9.63763,  -4.94567
   9.94121,  -3.96960
  10.35440,  -1.80119
  10.95662,   1.34275
  11.40834,   4.76435
  12.08511,   7.74392
  12.87546,   8.47626
  13.66422,  11.10482
  14.48167,  16.00911
  15.23430,  18.28503
  15.98934,  17.81269
  16.76248,  23.37365
  17.38944,  17.16240
  18.05988,  26.40770
  18.69207,  27.24137
  19.10065,  16.19515
  19.44741,  15.04532
  19.90498,  26.16203
  20.13321,  13.17295
  20.32804,  11.92617
  20.71152,  20.64849
  20.95565,  13.88586
  21.24731,  15.05382
  21.45676,  12.67724
  21.59718,  11.31843
  21.75011,  12.06914
  21.85778,  11.81651
  21.98038,   9.72597
  22.08668,   9.30239
  22.24920,  11.21525
  22.45855,  11.84884
  22.69119,  11.41047
  22.90214,  14.22492
  23.16775,  14.86509
  23.39765,  17.65057
  23.66435,  19.45314
  23.91590,  20.93092
  24.13729,  23.86157
  24.34045,  23.94592
  24.57572,  25.64141
  24.75156,  25.95387
  24.80739,  25.71085
  24.82530,  28.76423
  24.76173,  28.39845
  24.78573,  26.48850
  24.83713,  25.60127
  24.75700,  24.83994
  24.85304,  24.53596
  24.77054,  25.27642
  24.83127,  23.59666
  24.77141,  22.25037
  24.82043,  21.40178
  24.77771,  20.03289
  24.77546,  19.73636
  24.93360,  19.89909
  24.91262,  19.52411
  25.02435,  19.22480
  25.13915,  18.42793
  25.27817,  19.49126
  25.44361,  20.39773
  25.47807,  20.28949
  25.68032,  20.65524
  25.80751,  20.41258
  25.83178,  20.30376
  26.10083,  20.76987
  26.16944,  21.27430
  26.18158,  21.94657
  26.43950,  23.86517
  26.69232,  23.51781
  26.71425,  23.35316
  26.75270,  24.15634
  26.98109,  24.73720
  27.21507,  24.54898
  27.28745,  25.94727
  27.33645,  28.98746
  27.49542,  29.63560
  27.67065,  28.36523
  27.60451,  27.19141
  27.59431,  28.43582
  27.71007,  29.36878
  27.69372,  28.17184
  27.65736,  26.99809
  27.64389,  27.72256
  27.60699,  27.07648
  27.57454,  26.19530
  27.55379,  25.55730
  27.50312,  26.27317
  27.45534,  24.67233
  27.48397,  27.51805
  27.42360,  24.65490
  27.48363,  24.14465
  27.40986,  24.39598
  27.51077,  26.75755
  27.45906,  25.30186
  27.55788,  26.87282
  27.64696,  24.82289
  27.61196,  26.35848
  27.73727,  24.91594
  27.74804,  26.23310
  27.86236,  25.22461
  27.86187,  25.80052
  28.03285,  26.37136
  28.04039,  27.02621
  28.19588,  26.98794
  28.26830,  27.70446
  28.35673,  28.17284
  28.49842,  27.99115
  28.60389,  28.54364
  28.71211,  28.60455
  28.74128,  29.06694
  28.80641,  29.24652
  28.91476,  29.22578
  28.85895,  28.69241
  29.01925,  29.06992
  28.88339,  29.02705
  28.99752,  28.70873
  28.87318,  29.33594
  28.87413,  28.68451
  28.74929,  28.34382
  28.72293,  27.58076
  28.62287,  27.53944
  28.61930,  26.60167
  28.48307,  25.88334
  28.53293,  26.19475
  28.47789,  25.78111
  28.41127,  25.62214
  28.49480,  27.63762
  28.47108,  27.72832
  28.50853,  27.86301
  28.58241,  27.51715
  28.60797,  29.73682
  28.66055,  27.95126
  28.70193,  30.41328
  28.78737,  27.97835
  28.81025,  30.15904
  28.86040,  28.01921
  29.02207,  30.57346
  29.02081,  29.59335
  29.19274,  30.06731
  29.17075,  31.03483
  29.34938,  29.89532
  29.26497,  30.01984
  29.35807,  29.61235
  29.25442,  29.47428
  29.29616,  29.40939
  29.14978,  27.88217
  29.13556,  27.85852
  29.08953,  27.88476
  29.03577,  28.21680
  28.98846,  26.73320
  28.96612,  28.01886
  28.97732,  25.83810
  28.91393,  27.28315
  28.86963,  26.44622
  28.93422,  27.65327
  28.90603,  29.34352
  28.91674,  27.17454
  28.97215,  29.53818
  28.94799,  27.88905
  29.02169,  28.78194
  28.97407,  28.47317
  29.13626,  30.26293
  29.09797,  28.61464
  29.25135,  30.09163
  29.19020,  29.45142
  29.22442,  30.71390
  29.21730,  30.90316
  29.21893,  30.26969
  29.28336,  30.25209
  29.25417,  30.10334
  29.30028,  29.55104
  29.26762,  28.82800
  29.23484,  27.81357
  29.29502,  29.44663
  29.28758,  28.12030
  29.32610,  28.77290
  29.31285,  27.48021
  29.40425,  30.40151
  29.49629,  29.32053
  29.54644,  30.18321
  29.58697,  30.10479
  29.50801,  29.60028
  29.57775,  30.57173
  29.53686,  29.71932
  29.59682,  28.90087
  29.49819,  29.55035
  29.52193,  29.58079
  29.51258,  29.05423
  29.46084,  28.91045
  29.47331,  28.16977
  29.38013,  29.21959
  29.47668,  27.97475
  29.41059,  28.46842
  29.36911,  29.33361
  29.38477,  29.54142
  29.36037,  29.25591
  29.43902,  29.67781
  29.40185,  29.89308
  29.44585,  30.63120
  29.43357,  29.77719
  29.44854,  31.01413
  29.43141,  28.97173
  29.40505,  29.28327
  29.39187,  28.29938
  29.35780,  28.52278
  29.32298,  27.74042
  29.47513,  26.85684
  29.48235,  28.69251
  29.56437,  29.59052
  29.72034,  31.29422
  29.79125,  32.23864
  29.88511,  31.69597
  29.79494,  32.23453
  29.77368,  32.22141
  29.62838,  30.38344
  29.56989,  29.54921
  29.39598,  27.23894
  29.31157,  25.47077
  29.22169,  25.51337
  29.14956,  25.61505
  29.14453,  25.74094
  29.15953,  26.71414
  29.18646,  28.03148
  29.29543,  30.28844
  29.36383,  30.91183
  29.44528,  31.23933
  29.48990,  33.22519
  29.51395,  31.74331
  29.51224,  30.97120
  29.54084,  31.70017
  29.56516,  29.56432
  29.53192,  32.20898
  29.64804,  29.38895
  29.66588,  31.52216
  29.61766,  30.39326
  29.62175,  31.45171
  29.54776,  30.18649
  29.56799,  29.16734
  29.44310,  29.07476
  29.49770,  29.26415
  29.47684,  28.74539
  29.44771,  27.63698
  29.47851,  27.58734
  29.38867,  26.88972
  29.35917,  27.36785
  29.42163,  27.62958
  29.45372,  27.61511
  29.51606,  28.66306
  29.56904,  29.56403
  29.63672,  30.96952
  29.70400,  30.00795
  29.67730,  31.06467
  29.71346,  30.34787
  29.64983,  29.10031
  29.71407,  29.84038
  29.60923,  28.26265
  29.60677,  28.02033
  29.47344,  28.89993
  29.48332,  28.27160
  29.39815,  27.54824
  29.32043,  28.20729
  29.37396,  27.99461
  29.34148,  29.23679
  29.41448,  29.60705
  29.35804,  30.96739
  29.36726,  31.92467
  29.36760,  31.17071
  29.29368,  31.04696
  29.21836,  31.60583
  29.05937,  30.24060
  28.86222,  30.39376
  28.68742,  29.78131
  28.33422,  28.28695
  27.78694,  28.71804
  27.32996,  27.09250
  26.90312,  25.69294
  26.17893,  23.39261
  25.29113,  23.94777
  24.64469,  22.72350
  24.03393,  22.21283
  23.40338,  18.95475
  22.85222,  19.42131
  22.28928,  18.42157
  21.83233,  20.77040
  21.48656,  21.76127
  21.11527,  24.49625
  20.86140,  24.06702
  20.81768,  30.53468
  20.65730,  29.37039
  20.40358,  27.20801
  20.23138,  27.01082
  20.14677,  25.93782
  19.94832,  26.92782
  19.70994,  25.41793
  19.47925,  24.26881
  19.35588,  25.37854
  19.14438,  20.50403
  18.84712,  22.41836
  18.45035,  19.55624
  17.89570,  15.67224
  17.60061,  20.79800
  17.10957,  15.83758
  16.62737,  15.54162
  16.10968,  14.99470
  15.66042,  13.17779
  14.87965,   8.66373
  14.39783,  13.10001
  13.81908,   5.34140
  13.01784,   4.84018
  12.46324,   3.24210
  11.95215,   4.76853
  11.43283,   1.57108
  11.08330,  -0.83143
  10.77297,   4.31542
  10.34155,   7.44610
  10.00644,   7.72436
   9.82319,   5.99075
   9.59187,   7.56965
   9.35982,   8.05365
   9.18802,  13.84791
   8.82682,   8.52018
   8.49051,  14.53776
   8.20748,  16.44611
   8.01107,  10.90996
   7.56718,  14.79346
   7.24092,  12.65323
   6.83429,  10.75166
   6.53531,   9.81595
   6.32122,   8.33443
   5.94319,  10.00299
   5.67891,   7.79898
   5.38532,   3.56721
   5.09441,  12.25680
   4.54990,  -1.42053
   4.49632,   2.81418
   4.57687,   6.07045
   4.38614,   2.34125
   4.12496,  -0.00499
   4.04925,   9.69005
   4.00333,   6.03421
   3.95252,   2.15668
   3.75362,   0.73134
   3.57895,   2.17217
   3.39625,   4.31043
   3.20915,   2.88947
   2.92947,  -0.20636
   2.55744,  -1.12031
   2.21767,  -3.27590
   2.01480,   0.72420
   1.73817,  -3.34389
   1.32882,  -9.30261
   1.11052,  -1.47544
   0.89667,  -5.02382
   0.70940,  -4.27079
   0.54769,  -5.70687
   0.40966,  -1.45354
   0.17300,  -3.16089
   0.08344,  -0.30197
  -0.01694,  -2.58501
  -0.21025,  -0.99470
  -0.30644,   2.84907
  -0.41933,   1.45355
  -0.55284,   4.47007
  -0.83012,   2.51985
  -0.96883,   1.35089
  -0.97368,   5.78770
  -1.01543,   4.14792
  -1.20085,   1.54086
  -1.36919,   0.93341
  -1.56683,   7.95724
  -1.68812,   1.04663
  -1.80600,  -0.07508
  -1.76786,  -0.80682
  -1.77714,  -2.06750
  -1.88745,   1.24792
  -1.92217,  -1.18539
  -1.96064,  -0.59031
  -2.09575,   0.63339
  -2.22401,  -5.88249
  -2.11279,   1.48566
  -2.08072,  -1.47982
  -2.12187,  -5.53172
  -2.01523,  -0.90304
  -2.04444,  -0.61174
  -2.11497,  -2.14410
  -2.20552,  -3.24158
  -2.32306,  -3.54641
  -2.45891,  -4.50860
  -2.65527,  -6.14431
  -2.96085,  -7.22675
  -3.30780, -10.81760
  -3.51164,  -7.31078
  -3.65619,  -7.21497
  -3.80080,  -9.85923
  -3.90893,  -8.10189
  -3.86869,  -4.17249
  -4.07366, -12.94232
  -4.18394,  -3.47274
  -4.21871,  -6.49965
  -4.28632,  -4.41149
  -4.36216,  -7.44912
  -4.36905,  -3.52272
  -4.35468,  -1.08813
  -4.25576,  -2.17349
  -4.28704,  -5.31491
  -4.38192,  -0.10971
  -4.52295,  -3.77097
  -4.62607,  -2.02464
  -4.72313,   1.52463
  -4.83213,   0.33037
  -4.95536,  -6.22168
  -4.95136,   0.66527
  -4.88952,  -2.33780
  -4.94717,  -3.04309
  -4.96655,  -3.17557
  -5.00528,  -0.60116
  -4.96506,  -3.43841
  -4.99698,  -5.15270
  -5.09530,  -5.47410
  -5.06943,  -3.17851
  -5.07886,  -4.69513
  -5.01200,  -3.00810
  -5.12250,  -9.55530
  -4.89658,  -0.59047
  -4.79014,   0.76128
  -4.91568,  -8.87062
  -5.00081,  -4.69268
  -5.00815,  -6.23746
  -5.07829,  -9.28659
  -5.19727,  -7.38394
  -5.34834,  -5.47064
  -5.44115,  -8.74713
  -5.52680,  -7.42560
  -5.58096,  -7.35456
  -5.78633, -11.86261
  -5.99911,  -9.49319
  -6.09179, -11.30751
  -6.26446,  -9.19790
  -6.55985, -19.78659
  -6.44321,  -3.14573
  -6.48023,  -9.19852
  -6.42353, -10.14593
  -6.15319,  -1.67793
  -5.97270,  -4.53719
  -6.00884,  -6.75060
  -5.96589,  -1.81976
  -6.00079,  -3.36261
  -6.04341,  -5.78452
  -6.14555,  -7.95992
  -6.11949,  -0.19887
  -6.16177,   0.40064
  -6.49084, -12.16143
  -6.52752,  -1.62295
  -6.52092,  -4.42952
  -6.60574, -11.01469
  -6.66930,  -9.53308
  -6.65042,  -3.75319
  -6.72331,  -8.50617
  -6.79849,  -2.04805
  -6.76125,  -5.85103
  -6.76986,  -8.83650
  -6.88588,  -1.46404
  -6.92144,  -8.78973
  -6.92739,  -5.41433
  -6.92821,  -0.32344
  -6.88710,  -8.17607
  -6.84607,  -2.65649
  -6.78876,  -8.74510
  -6.73811,  -4.23489
  -6.61192,  -7.79777
  -6.64034,  -8.84979
  -6.51154,  -6.93547
  -6.27620,  -5.13966
  -6.19234,  -5.49575
  -6.20696,  -6.62912
  -6.28489,  -4.39807
  -6.27708,  -4.94971
  -6.34314,  -8.70650
  -6.50887,  -9.38587
  -6.60373,  -8.24428
  -6.68532, -10.53652
  -6.90671,  -6.46043
  -7.22902, -14.74296
  -7.52049, -11.32455
  -7.69140,  -7.58545
  -7.99211, -11.81730
  -8.26485, -23.60233
  -8.02736,  -8.74904
  -8.06543, -19.38467
  -7.91107,  -9.10503
  -7.78066,  -3.48785
  -7.56278,  -6.06962
  -7.35819,  -7.43399
  -7.16897,  -1.97870
  -6.97692,  -2.70543
  -6.90550,  -2.79568
  -6.88743,   0.33171
  -6.93426,   0.97501
  -7.04784,  -4.54629
  -7.08490,  -1.85474
  -7.29145,  -3.59171
  -7.56858, -10.71700
  -7.78820,  -6.88764
  -7.93667, -10.13932
  -8.03649, -14.92838
  -7.96790,  -7.68480
  -8.02256, -11.15498
  -7.93368, -11.04629
  -7.65795,  -5.13176
  -7.71456, -15.25789
  -7.67392,  -6.71063
  -7.48202,  -6.33652
  -7.48750,  -7.86118
  -7.39793,  -5.34715
  -7.40876,  -7.65259
  -7.40769,  -5.95348
  -7.48625,  -6.05148
  -7.45602,  -6.55209
  -7.42237,  -8.55733
  -7.61674, -16.14220
  -7.67563,  -5.74739
  -7.69990,  -7.42161
  -7.85690, -11.15621
  -8.00202, -11.70198
  -8.24782, -11.08710
  -8.27695, -11.96818
  -8.35495, -12.93805
  -8.31442, -15.53735
  -8.22200,  -4.67958
  -8.14445,  -4.83817
  -8.08777, -11.09250
  -8.10336,  -3.19025
  -8.04998,  -5.28811
  -8.03565, -10.24058
  -7.91823,  -7.68326
  -7.83908,  -6.91097
  -7.93048,  -6.86404
  -8.03823,  -6.33281
  -7.94309,  -4.48811
  -7.91188,  -3.85741
  -8.03131,  -7.70019
  -8.11644,  -7.91668
  -8.02779,  -4.37863
  -8.02972,  -7.85379
  -8.05455,  -5.36820
  -8.15862, -11.34620
  -8.27966, -11.36785
  -8.14931,  -0.53862
  -8.19857, -13.73067
  -8.06806,  -3.00472
  -7.86424,  -5.60970
  -7.96234, -13.76138
  -7.94805,  -2.64397
  -7.89710,  -8.14548
  -7.82251,  -5.53746
  -7.78170,  -9.36911
  -7.62496,  -9.19402
  -7.55360,  -5.86195
  -7.40373,  -7.40142
  -7.41542,  -5.96874
  -7.47885,  -5.41779
  -7.65581,  -8.64178
  -7.74925,  -7.82306
  -7.80249,  -9.68022
  -7.93837, -11.20515
  -8.03271, -15.50880
  -8.10621, -10.07195
  -8.03294,  -6.01994
  -8.02239, -16.09980
  -8.00062,  -5.22404
  -7.92418,  -5.27638
  -7.82888, -13.41326
  -7.89601,  -9.52191
  -8.01470, -10.56587
  -8.11188, -11.93005
  -8.12123,  -5.45314
  -8.08866,  -7.41582
  -8.08490, -15.91323
  -8.18441,  -3.17729
  -8.11132,  -1.49587
  -8.19444, -11.88970
  -8.26586,  -6.24685
  -8.31392,  -6.28363
  -8.35332,  -7.99774
  -8.27008,  -7.29253
  -8.39558, -12.26641
  -8.38871,  -2.70903
  -8.35323,  -5.98234
  -8.33220,  -8.34661
  -8.28744,  -3.19858
  -8.27848, -13.27288
  -8.20013,  -4.93614
  -7.97039,  -3.36015
  -7.94415, -11.73355
  -7.92710,  -5.03650
  -7.76114,  -6.40475
  -7.60317,  -3.13847
  -7.49594,  -3.75927
  -7.58172,  -6.77262
  -7.60758,  -5.37819
  -7.61389,  -8.31506
  -7.74022,  -8.75144
  -7.92956, -11.40808
  -7.95508,  -8.28020
  -8.15081, -11.80591
  -8.14462,  -9.73569
  -8.14993, -14.87138
  -8.22049, -15.25532
  -8.08984,  -4.87112
  -8.01411, -15.21918
  -7.93030,  -2.99839
  -7.82680,  -5.48996
  -7.88804, -12.87386
  -7.84549,  -6.62554
  -8.00651, -13.44209
  -8.06984, -11.40439
  -8.19335, -10.43861
  -8.19939,  -8.89699
  -8.20380,  -8.09950
  -8.34403, -15.02959
  -8.40234,  -8.46986
  -8.29310,  -3.54863
  -8.44331, -12.16688
  -8.58465, -11.45611
  -8.61732,  -7.44548
  -8.57737, -11.60769
  -8.53082,  -8.61436
  -8.43740, -16.14549
  -8.51800,  -8.35338
  -8.48319,  -6.38497
  -8.32049,  -8.37315
  -8.34381,  -5.86891
  -8.37928,  -5.58255
  -8.38017,  -5.89007
  -8.32757,  -4.33509
  -8.30679,  -8.41328
  -8.29718,  -6.38158
  -8.36606,  -6.44324
  -8.43016,  -8.51605
  -8.45351, -15.10341
  -8.50358,  -5.14756
  -8.48020, -14.96025
  -8.57994, -13.70104
  -8.51019,  -6.42348
  -8.57973, -12.85850
  -8.44017,  -8.21642
  -8.46052, -13.33329
  -8.55302,  -7.21917
  -8.62823, -10.20740
  -8.65583, -12.64862
  -8.55378,  -7.96460
  -8.56523, -12.74735
  -8.56080, -10.86372
  -8.59853, -10.93119
  -8.67606, -10.89728
  -8.59855, -10.48772
  -8.63115, -11.05151
  -8.74821, -11.01772
  -8.74652, -10.26672
  -8.72382, -11.99572
  -8.74971,  -7.49106
  -8.70829,  -9.68802
  -8.71010,  -9.87572
  -8.66939,  -7.54523
  -8.63938, -11.19321
  -8.58729, -10.05682
  -8.57946,  -6.95867
  -8.53608,  -7.27317
  -8.37876,  -7.71856
  -8.35323,  -7.10250
  -8.36869,  -4.34352
  -8.47057,  -8.65185
  -8.39727,  -4.03941
  -8.43171,  -5.31712
  -8.24600,  -8.67962
  -8.20035,  -1.80251
  -8.14537,  -3.49873
  -7.98516,  -7.10782
  -7.97523,  -3.48769
  -8.04833,  -6.37277
  -8.09838,  -9.64996
  -8.05726,  -6.39938
  -8.01924,  -9.26947
  -8.19954,  -4.89819
  -8.40999, -12.50119
  -8.39988,  -7.48529
  -8.34690,  -4.38657
  -8.45534, -20.72784
  -8.18739,  -5.85943
  -8.16084, -17.73796
  -8.21155, -13.39223
  -8.04022,  -8.80955
  -7.83842,  -4.94083
  -7.63808,  -9.49370
  -7.42649,  -7.16426
  -7.35966,  -6.50424
  -7.42166,  -6.58639
  -7.59035,  -7.54663
  -7.75741,  -6.86622
  -7.87605,  -6.85320
  -7.97402,  -8.53373
  -8.20673, -17.77136
  -8.33135, -11.36620
  -8.43151,  -8.65806
  -8.63670, -15.52398
  -8.79782, -15.33186
  -8.93525,  -7.46388
  -9.00341, -15.49910
  -9.00448, -13.11879
  -8.85522, -13.55989
  -8.85266, -13.00976
  -8.62600,  -5.04037
  -8.41531,  -8.27432
  -8.26215,  -5.02903
  -8.15481,  -4.92558
  -8.03486,  -1.11461
  -7.86639,  -1.31452
  -7.76601,  -2.34301
  -7.77732,  -4.63357
  -7.86247,  -3.60479
  -7.87174,  -2.02524
  -7.96073,  -7.39613
  -8.04114,  -8.03261
  -8.10443,  -7.60716
  -8.26773,  -9.33722
  -8.34769, -14.11623
  -8.30433,  -5.23200
  -8.33919, -17.85981
  -8.27462,  -7.53068
  -8.05508,  -7.75964
  -7.89605,  -7.05187
  -7.72621,  -6.31292
  -7.61470,  -7.67222
  -7.47818,  -5.36546
  -7.33055,  -8.57172
  -7.25616,  -7.35244
  -7.30816,  -6.29646
  -7.54254,  -6.78787
  -7.74820,  -6.96019
  -7.96098,  -8.43864
  -8.14778, -10.76467
  -8.29624, -13.45991
  -8.50954, -11.74451
  -8.57406, -13.00695
  -8.46005, -14.92259
  -8.49591, -12.79676
  -8.52692,  -9.53143
  -8.50534, -12.83904
  -8.40338,  -3.89808
  -8.45872, -15.10362
  -8.36944,  -6.48795
  -8.22348,  -5.38469
  -8.07357, -10.00209
  -8.11829,  -4.41075
  -8.15126,  -3.63068
  -8.19656,  -5.41178
  -8.16531,  -6.00278
  -8.23487,  -7.85770
  -8.30737,  -3.17198
  -8.47750,  -9.86576
  -8.51554,  -5.47767
  -8.62718, -12.44495
  -8.72564, -12.03435
  -8.66450,  -8.31949
  -8.70307, -13.23079
  -8.77237,  -9.88478
  -8.64608, -11.09718
  -8.65148, -10.15992
  -8.74964,  -6.20445
  -8.77543, -12.20712
  -8.57154,  -2.13531
  -8.58718,  -7.39777
  -8.66633, -18.56437
  -8.58673,  -3.46397
  -8.45453, -11.65932
  -8.43428,  -8.84030
  -8.38666,  -7.36196
  -8.47944, -10.41611
  -8.36982,  -4.90550
  -8.34483,  -7.41344
  -8.39142,  -9.08581
  -8.47219,  -8.31757
  -8.41872,  -6.21999
  -8.47912,  -9.45980
  -8.62209, -12.76456
  -8.63724,  -8.15397
  -8.71152,  -9.77275
  -8.65048,  -8.54698
  -8.66683,  -4.94101
  -8.62860, -10.59637
  -8.45430,  -5.74955
  -8.19687,  -4.40001
  -8.14833,  -6.69014
  -8.03449,  -1.19648
  -7.99208,  -7.48737
  -7.93520,  -2.99190
  -7.84953,  -3.14626
  -7.88421,  -7.79959
  -7.90806,  -6.20110
  -7.92505,  -2.49425
  -7.82940,  -5.94664
  -7.87884,  -9.88599
  -7.90421,  -1.58631
  -7.84286,  -5.04703
  -7.83712,  -4.66073
  -7.96426,  -3.18270
  -8.05341,  -8.64263
  -8.08774,  -7.61097
  -8.08320, -10.30211
  -8.30265,  -9.40058
  -8.34210,  -9.95987
  -8.18984,  -5.52338
  -8.20371, -17.19025
  -8.21357, -14.65848
  -8.06247, -11.42371
  -8.09280, -13.32818
  -8.09565,  -6.48443
  -8.06944,  -7.96500
  -8.02720,  -7.09378
  -7.97986,  -9.10196
  -7.95218, -11.48541
  -7.91410,  -6.06866
  -8.05894, -11.70516
  -8.18707,  -8.66695
  -8.14965,  -6.35879
  -8.31312, -13.30753
  -8.50305, -11.98289
  -8.53402,  -9.98787
  -8.63599, -11.12477
  -8.69309, -14.54932
  -8.77713, -11.63761
  -8.80940,  -9.75977
  -8.65170,  -8.88518
  -8.55721, -10.90575
  -8.66945, -11.94373
  -8.53550,  -5.98644
  -8.51274, -11.32449
  -8.47820,  -6.65904
  -8.50699,  -6.34299
  -8.55654,  -8.13954
  -8.49491,  -4.31589
  -8.53997,  -9.09889
  -8.49740,  -6.96407
  -8.40223,  -6.06706
  -8.39782,  -4.98957
  -8.35958, -12.86638
  -8.44021,  -8.44426
  -8.47162,  -4.59653
  -8.47079,  -8.63789
  -8.45600,  -5.47362
  -8.53621,  -6.99825
  -8.62228, -11.26535
  -8.55668,  -9.18626
  -8.57120,  -9.61242
  -8.60826,  -9.30257
  -8.61042, -10.19465
  -8.58632, -13.16302
  -8.61904,  -6.89774
  -8.76351, -16.51291
  -8.59505,  -3.15719
  -8.50493, -10.21064
  -8.52643, -10.99923
  -8.49304,  -7.39614
  -8.48934, -11.39829
  -8.25930,  -6.26609
  -8.09731,  -8.10327
  -7.97229, -11.76430
  -7.94739,  -8.39290
  -7.92143,  -3.54587
  -8.01733,  -5.13203
  -8.08960,  -6.45137
  -8.19184,  -8.60256
  -8.34189, -10.85192
  -8.50462,  -9.67244
  -8.62836,  -9.56724
  -8.80120, -12.01657
  -8.93300, -11.83319
  -8.94136,  -7.27572
  -8.96346, -15.49858
  -8.78005,  -6.03331
  -8.72212, -11.49263
  -8.66135,  -6.42145
  -8.47165,  -5.66849
  -8.26036,  -4.93368
  -8.15290,  -6.97948
  -8.07543,  -0.58805
  -8.00605,  -2.60814
  -7.85839,  -5.18815
  -7.73613,  -5.14832
  -7.75808,  -5.06138
  -7.83807,  -3.08815
  -7.70278,  -3.06326
  -7.66280,  -6.04066
  -7.73717,  -5.01241
  -7.77995,  -7.81624
  -7.91076,  -7.52188
  -7.95990,  -4.05508
  -8.12217, -13.64484
  -8.31578,  -8.87186
  -8.38699,  -9.65531
  -8.52420, -13.83060
  -8.45626,  -9.76771
  -8.33370, -13.05056
  -8.10417,  -9.77371
  -8.08598, -12.79873
  -8.01486,  -6.80274
  -7.87962,  -6.30395
  -7.79359,  -7.79447
  -7.73687,  -7.92857
  -7.69778,  -9.43533
  -7.77439,  -9.39594
  -7.85857,  -8.08555
  -7.99312,  -6.87010
  -8.00139,  -7.81728
  -8.09721, -10.59933
  -8.21910, -10.03109
  -8.34412, -10.54056
  -8.56891,  -9.72321
  -8.72632, -10.62322
  -8.81812, -12.04332
  -8.86001, -13.23038
  -8.74952, -15.91224
  -8.89413, -13.50953
  -8.85657,  -6.46857
  -8.82043, -12.67701
  -8.72806,  -4.61403
  -8.87673, -14.12151
  -8.79914,  -5.64687
  -8.79526,  -6.39018
  -8.67675,  -5.55823
  -8.78222,  -9.67576
  -8.85220,  -9.54732
  -8.64809,  -5.38981
  -8.73752,  -8.85002
  -8.88584, -13.35290
  -8.84944,  -8.37735
  -8.80878,  -6.62965
  -8.88800, -16.31154
  -8.93651,  -4.56376
  -8.90134,  -7.71302
  -8.80918, -10.23225
  -8.75462, -13.28954
  -8.78095,  -9.67450
  -8.77642,  -7.54900
  -8.59323, -12.45103
  -8.59390,  -4.87410
  -8.65352,  -7.84564
  -8.74900, -14.99166
  -8.63558,  -7.06338
  -8.65764,  -8.41841
  -8.75821,  -9.95720
  -8.86929,  -9.00831
  -9.01027,  -9.85911
  -9.11845, -12.09168
  -8.98299, -13.86806
  -8.95226,  -7.78324
  -9.00694,  -6.89928
  -9.07883, -10.50794
  -8.97352,  -2.76797
  -8.90544,  -8.06942
  -9.00840, -17.02350
  -8.83151,  -5.03952
  -8.74422, -16.61824
  -8.60798, -11.04799
  -8.51045,  -7.09163
  -8.38968,  -7.40210
  -8.23463,  -3.00142
  -8.28430,  -4.08533
  -8.25304,  -3.75651
  -8.26238,  -6.72437
  -8.30242,  -7.23987
  -8.31770,  -5.47556
  -8.42043,  -5.96646
  -8.53996,  -6.65839
  -8.65453, -13.99836
  -8.69236,  -9.02940
  -8.91427, -14.37335
  -9.19118, -10.51695
  -9.26707,  -8.34780
  -9.22981,  -7.63053
  -9.19801, -18.09991
  -8.95370,  -8.99259
  -8.82132,  -9.55317
  -8.76107,  -8.03166
  -8.55443,  -8.03082
  -8.28317,  -4.73264
  -8.16968,  -9.63573
  -8.07527,  -8.65442
  -7.92320,  -4.27816
  -7.87377,  -6.48368
  -7.88399,  -4.38207
  -7.78413,  -4.28634
  -7.86251,  -8.00463
  -7.89719,  -8.03306
  -7.98370, -10.28816
  -8.11553, -10.65666
  -8.27504,  -7.46423
  -8.32396, -10.30145
  -8.34691, -14.04926
  -8.49487, -16.87225
  -8.61765,  -8.77928
  -8.75277, -16.19702
  -8.73212,  -6.47301
  -8.77534, -12.50389
  -8.85000, -14.33060
  -8.77493,  -8.38640
  -8.85242, -14.18062
  -8.84691,  -3.37519
  -8.88749,  -7.93866
  -9.03556, -15.80724
  -8.94687,  -5.37792
  -9.01534,  -7.93215
  -9.08711, -10.94520
  -8.90745,  -4.38165
  -8.76923,  -7.31307
  -8.66749,  -8.77462
  -8.51428,  -4.60517
  -8.36950,  -8.54101
  -8.25070,  -6.18652
  -8.22254, -10.77711
  -8.08849,  -4.04252
  -8.03046,  -4.51213
  -7.91932,  -8.18983
  -7.78036,  -4.32702
  -7.61910,  -2.99532
  -7.68131,  -5.26504
  -7.82552,  -5.43215
  -7.96281,  -7.70890
  -7.91820,  -3.63805
  -8.06561, -10.80743
  -8.24832, -10.52602
  -8.31303,  -9.13485
  -8.32737,  -8.28586
  -8.28372, -11.92978
  -8.30745, -13.13922
  -8.19301, -11.92092
  -8.06521, -11.28344
  -8.02106, -14.90511
  -7.88071,  -4.42635
  -7.72477,  -3.71324
  -7.69661,  -8.55195
  -7.58549,  -5.25564
  -7.54931,  -6.84974
  -7.63929,  -5.17008
  -7.63626,  -4.84648
  -7.76677, -11.40091
  -7.92437,  -8.39529
  -7.96454,  -8.10358
  -7.99523, -12.42977
  -8.07069,  -5.68387
  -8.33528, -13.14289
  -8.35137,  -8.23213
  -8.18295,  -3.30283
  -8.26832, -20.52907
  -8.22786, -11.68426
  -8.04855,  -7.07329
  -8.05091, -16.10026
  -7.99231,  -5.65701
  -7.92995,  -5.33863
  -7.92135,  -5.57352
  -7.88648,  -6.34292
  -7.84678,  -4.11858
  -7.83936,  -4.88867
  -7.99023,  -7.71230
  -8.05585,  -8.01913
  -7.99106,  -7.25084
  -7.92069,  -4.30310
  -8.02767, -17.61191
  -7.88915,  -4.49583
  -7.62061,  -1.67007
  -7.67917, -12.28797
  -7.78610,  -6.32009
  -7.70698,  -6.91046
  -7.70499, -10.37209
  -7.70839,  -7.85356
  -7.70458,  -6.84801
  -7.83710,  -9.69224
  -7.84869, -10.52063
  -7.81712,  -8.20499
  -7.84234,  -7.89574
  -7.81700,  -9.63088
  -7.81429, -12.27990
  -7.85462,  -6.46939
  -7.92568, -11.93233
  -7.82709, -10.99632
  -7.71068,  -6.87658
  -7.73135,  -8.76496
  -7.77638, -11.53034
  -7.68862,  -4.37583
  -7.67576,  -6.55081
  -7.71373,  -7.38459
  -7.87986,  -9.46076
  -8.11323,  -9.14622
  -8.09736,  -5.71636
  -8.16781,  -7.85794
  -8.38112, -12.52606
  -8.45822, -15.03878
  -8.31958,  -5.32346
  -8.35337, -17.16762
  -8.26375,  -5.42312
  -8.00453,  -6.36611
  -7.89465,  -6.41439
  -7.96723,  -8.21966
  -7.73719,  -2.32070
  -7.52233,  -0.91330
  -7.59596,  -5.53039
  -7.71891,  -5.89556
  -7.80788,  -6.80517
  -7.67982,  -1.48930
  -7.70335,  -9.54998
  -7.75570,  -6.15579
  -7.71544,  -3.14679
  -7.60025,  -3.89154
  -7.63030, -11.21008
  -7.74290,  -4.88997
  -7.83888, -11.17164
  -7.80756,  -8.39300
  -7.76004,  -7.51026
  -7.69110, -12.45291
  -7.74600, -11.05622
  -7.63398,  -6.12251
  -7.65372, -12.33438
  -7.63356,  -6.23747
  -7.61353,  -6.24886
  -7.71967,  -8.70757
  -7.70250,  -3.99972
  -7.69205,  -6.87053
  -7.62462, -10.16032
  -7.71580,  -9.17967
  -7.71956,  -5.29706
  -7.72019, -10.62771
  -7.73375,  -9.22002
  -7.80307,  -6.14394
  -7.87149,  -8.99093
  -7.84195,  -5.05153
  -7.83067,  -4.68642
  -7.86765, -11.94645
  -7.92643,  -4.15896
  -8.04120,  -3.65961
  -8.17118, -11.95683
  -8.21180,  -4.89624
  -8.24686,  -7.26368
  -8.25638,  -9.90566
  -8.01609,  -5.71584
  -8.01872, -11.37154
  -7.96985,  -9.92617
  -7.71810,  -6.26545
  -7.52180,  -8.03043
  -7.43903,  -6.04332
  -7.40210,  -2.68919
  -7.35425,  -2.09979
  -7.37776,  -6.60217
  -7.41372,  -8.71534
  -7.41602,  -4.02915
  -7.46378,  -5.83858
  -7.57908,  -6.48294
  -7.72739,  -5.83888
  -7.88015, -12.23309
  -8.01915,  -9.01618
  -8.07281,  -8.69921
  -8.15595, -12.98871
  -8.18586, -10.41024
  -8.23367,  -6.71955
  -8.18388, -10.43722
  -8.05559,  -5.42428
  -7.97426, -11.01517
  -8.05472,  -8.37957
  -7.91218,  -6.34069
  -7.82040,  -7.87227
  -7.76219, -11.07527
  -7.70756,  -5.74684
  -7.69778,  -2.34243
  -7.66917,  -7.11876
  -7.65205,  -6.26309
  -7.73787,  -4.76456
  -7.85912, -13.00758
  -7.94908,  -8.69450
  -7.93810,  -2.16323
  -8.01500, -12.33725
  -7.99393,  -7.48606
  -8.03983,  -6.50684
  -8.06981,  -9.18306
  -8.05801,  -5.42419
  -8.12910,  -4.14775
  -8.32368, -14.31896
  -8.33518,  -3.92773
  -8.27209,  -6.53298
  -8.35178, -12.74510
  -8.33304,  -6.67898
  -8.11395,  -7.37533
  -8.00424,  -9.86388
  -7.96572,  -7.55274
  -7.94616, -10.38378
  -7.85642,  -6.97793
  -7.77740,  -3.84249
  -7.80148,  -6.84053
  -7.89749,  -9.01531
  -7.79363,  -2.38550
  -7.77962,  -7.74671
  -7.77533, -10.55434
  -7.78619,  -8.50851
  -7.95735,  -5.96626
  -8.17791, -11.98410
  -8.30575,  -9.93757
  -8.45677,  -6.18401
  -8.72267, -11.27922
  -8.83051,  -8.99317
  -8.69105,  -6.38245
  -8.75995, -17.59441
  -8.78061, -11.60494
  -8.74909, -10.07241
  -8.73305,  -9.11906
  -8.62770, -10.10082
  -8.40142,  -4.39094
  -8.24349,  -5.13456
  -8.27930, -13.32002
  -8.00583,  -2.25208
  -7.75111,  -5.05496
  -7.68160,  -3.83979
  -7.58846,  -2.98213
  -7.57101,  -2.77471
  -7.59888,  -3.69175
  -7.76058,  -6.26559
  -7.91806,  -9.50027
  -7.99202,  -3.66327
  -8.18586, -10.80232
  -8.44322, -16.56932
  -8.48963,  -9.90283
  -8.53183, -13.98631
  -8.72494, -13.27687
  -8.74558,  -8.30282
  -8.68958, -11.47248
  -8.69939, -10.55041
  -8.70238, -11.63978
  -8.56848,  -9.70388
  -8.36631,  -9.31679
  -8.43744, -13.65104
  -8.24559,  -4.12249
  -8.12662,  -9.03055
  -8.04833,  -3.79367
  -8.02658,  -5.34140
  -8.19948, -10.42887
  -8.26186,  -4.44217
  -8.53433,  -8.55021
  -8.65108,  -8.38502
  -8.62093,  -4.96740
  -8.81090, -13.16345
  -8.79638, -10.41188
  -8.59950,  -9.24398
  -8.76293, -12.04208
  -8.74846, -10.05660
  -8.78888,  -7.02714
  -8.76219,  -6.03548
  -8.87359, -16.40908
  -8.88242,  -6.81524
  -8.77242, -13.65613
  -8.73509,  -8.08588
  -8.67214, -11.99264
  -8.50386,  -9.22616
  -8.26447,  -6.80823
  -8.22286, -11.11598
  -8.17449,  -3.18697
  -8.10750,  -2.36543
  -8.18508,  -5.02559
  -8.22123,  -9.74399
  -8.23227,  -8.45911
  -8.35528,  -6.98899
  -8.43077,  -7.87505
  -8.57033,  -9.93836
  -8.57882,  -7.22786
  -8.63183, -10.03334
  -8.66084, -11.66595
  -8.68408,  -6.14088
  -8.79370, -11.44873
  -8.87216,  -6.76291
  -8.82151,  -7.39751
  -8.82724, -10.34105
  -8.51396,  -4.37445
  -8.52571, -14.50906
  -8.37551,  -4.56447
  -8.27119,  -9.35295
  -8.01918,  -5.55605
  -7.78927,  -7.01442
  -7.69449,  -6.24403
  -7.73548,  -3.83410
  -7.75599,  -3.39246
  -7.76273,  -3.30970
  -7.85867,  -7.46859
  -7.99648, -10.57062
  -8.14826,  -9.45003
  -8.31216,  -9.89181
  -8.44652, -10.29416
  -8.53597, -11.72778
  -8.64624, -12.79743
  -8.78799, -12.33652
  -8.97341, -19.29860
  -8.90377, -10.99086
  -8.97009, -15.37312
  -8.97577, -15.34509
  -8.86484,  -5.72031
  -8.67549,  -9.88730
  -8.63174, -11.59591
  -8.49451,  -7.57208
  -8.41798,  -7.47516
  -8.36267,  -4.52669
  -8.21272,  -5.59492
  -8.07223,  -4.62462
  -8.14226,  -6.15975
  -8.23304,  -6.44430
  -8.27048,  -6.49908
  -8.35443,  -7.36380
  -8.47763,  -8.40988
  -8.47106,  -5.81103
  -8.28337,  -7.76641
  -8.46914, -15.17877
  -8.44286,  -3.97413
  -8.35001,  -9.21642
  -8.27883,  -5.31884
  -8.32045,  -5.47327
  -8.39649, -11.90993
  -8.28168,  -5.58983
  -8.16367, -13.24448
  -8.21610,  -8.04608
  -8.26462,  -8.31362
  -8.31970,  -8.22623
  -8.23349,  -3.44343
  -8.26151, -11.98196
  -8.27774,  -9.80098
  -8.34072,  -6.86023
  -8.46631,  -8.96025
  -8.47908,  -9.39915
  -8.55458, -11.96135
  -8.60885, -14.72506
  -8.52555,  -5.57978
  -8.51409, -13.92877
  -8.54690, -12.15065
  -8.58214,  -3.18860
  -8.64059,  -9.09444
  -8.54677,  -5.81113
  -8.47787, -10.58827
  -8.46638, -12.86921
  -8.62459,  -4.20059
  -8.68319,  -9.87776
  -8.69650,  -9.34873
  -8.63955,  -5.61753
  -8.64693, -10.92253
  -8.59824,  -8.82522
  -8.51724,  -7.06033
  -8.31891,  -9.21148
  -8.10791,  -4.32762
  -8.08988, -13.35644
  -7.96295,  -1.82656
  -7.84547,  -1.67087
  -7.87347, -10.57489
  -7.81680,  -4.99822
  -7.82040,  -6.43167
  -7.82545,  -3.65405
  -7.86136,  -6.59458
  -7.98328, -10.00603
  -8.08214,  -6.60147
  -8.22135,  -9.49302
  -8.31380,  -7.51424
  -8.52300, -14.74615
  -8.57758,  -7.44650
  -8.44652,  -7.15212
  -8.53643, -13.95351
  -8.54715,  -8.74928
  -8.41989, -12.83283
  -8.50458, -12.14864
  -8.45991,  -5.97541
  -8.52376, -14.16323
  -8.37711,  -6.93867
  -8.27540,  -9.05407
  -8.24598, -10.46349
  -8.09162,  -3.43024
  -8.08663,  -8.15212
  -8.06751,  -7.04635
  -8.03691,  -8.90059
  -7.98600,  -3.36383
  -8.04101,  -7.61387
  -8.06535,  -9.02744
  -8.10166,  -1.97914
  -8.20605, -10.46239
  -8.23589, -12.53413
  -8.16939,  -8.12024
  -8.29309,  -9.46387
  -8.27117, -12.41961
  -8.32837,  -7.48448
  -8.39502,  -9.96262
  -8.35102,  -9.49752
  -8.26379,  -7.84419
  -8.24628, -11.90108
  -8.33957,  -7.21999
  -8.44252,  -6.32606
  -8.42094, -10.41118
  -8.27176,  -4.62633
  -8.24508,  -6.72862
  -8.21364,  -7.99557
  -8.09656,  -5.56483
  -7.97184,  -7.73907
  -7.94161,  -8.88252
  -7.98797,  -2.01760
  -8.09105,  -5.74278
  -8.13356,  -6.49085
  -8.07704,  -5.74112
  -8.07323, -10.75755
  -8.08597,  -5.28163
  -8.16363, -10.20877
  -8.14272, -10.73273
  -8.06492,  -3.14885
  -8.07969, -11.92940
  -7.88965,  -4.79614
  -7.62002,  -1.32326
  -7.62646,  -9.33282
  -7.57484,  -4.83946
  -7.47789,  -0.88579
  -7.64429,  -8.83258
  -7.62704,  -6.47349
  -7.57305,  -6.57013
  -7.58241,  -6.75752
  -7.64005, -12.50459
  -7.63180,  -5.05734
  -7.62745,  -5.17691
  -7.68747,  -9.09443
  -7.73847,  -7.13587
  -7.76419, -10.89649
  -7.73992,  -6.38293
  -7.70624,  -7.19328
  -7.64824,  -9.11758
  -7.64922,  -8.22964
  -7.65295,  -4.78418
  -7.81122, -10.63289
  -7.82936,  -5.90827
  -7.88334, -10.04227
  -7.87306, -10.57788
  -7.92707,  -7.04994
  -8.02141,  -6.97311
  -8.05915, -11.53536
  -8.06941,  -4.96656
  -8.10429,  -5.38903
  -8.08452, -10.69743
  -8.07490,  -6.27723
  -7.87869,  -9.14206
  -7.77739, -10.65330
  -7.67957, -10.84108
  -7.42755,  -3.55344
  -7.24564,  -4.08606
  -7.16843,  -5.12059
  -7.10020,  -0.52284
  -7.13120,  -4.43386
  -7.33127,  -4.39919
  -7.52009,  -3.33863
  -7.84329,  -9.65549
  -7.96082,  -8.19013
  -8.07091,  -8.29380
  -8.22540, -16.55743
  -8.15170, -10.37942
  -8.23831, -13.87646
  -8.32428, -12.47342
  -8.26816,  -8.89487
  -8.20352,  -9.42531
  -8.27928,  -6.67046
  -8.30152, -11.86058
  -8.15548,  -3.64996
  -8.10896, -12.38676
  -8.05251, -10.60632
  -8.09047,  -8.78202
  -7.97669,  -6.50813
  -7.86186,  -6.60246
  -7.79309,  -6.84972
  -7.65736,  -7.38704
  -7.65080,  -5.69996
  -7.65678,  -1.62764
  -7.82091, -10.49615
  -7.99468,  -4.10007
  -8.05727,  -6.38562
  -8.05355,  -7.25638
  -8.11343,  -8.69735
  -8.12804, -12.87420
  -8.06919,  -3.02565
  -8.07341,  -9.80802
  -8.17232,  -6.15052
  -8.16675,  -7.26982
  -8.10484,  -6.84904
  -8.05610, -11.95995
  -8.23865,  -8.86967
  -8.36073,  -8.03940
  -8.41409, -10.19037
  -8.42657,  -5.39530
  -8.53128, -15.26625
  -8.51534,  -9.82859
  -8.33978, -12.12713
  -8.27910, -10.53326
  -8.18543,  -6.86916
  -8.14277,  -4.97857
  -8.02019,  -5.56522
  -7.98167, -10.11769
  -7.94087,  -2.46629
  -7.98868,  -8.15227
  -8.00833,  -6.48714
  -8.07327,  -4.12818
  -8.02665,  -8.26149
  -8.00972,  -9.47297
  -8.14046,  -6.43988
  -8.36913,  -6.48563
  -8.64246, -14.64134
  -8.75602,  -5.47150
  -8.95867, -23.12667
  -9.06553, -12.15473
  -9.11403, -12.67117
  -8.95542,  -7.09083
  -8.74157, -11.10623
  -8.52722,  -8.62411
  -8.28327,  -8.43665
  -8.14207,  -2.83649
  -8.07438,  -2.51963
  -7.98082,  -6.75987
  -7.96161,  -4.77460
  -8.02495,  -4.93347
  -8.16596,  -3.13348
  -8.29798,  -8.91870
  -8.32194, -12.14509
  -8.40463,  -5.44075
  -8.44630,  -9.05540
  -8.47967,  -6.30743
  -8.51171,  -5.83969
  -8.52744, -13.79604
  -8.68844, -12.72120
  -8.68162,  -6.63084
  -8.74808, -17.61206
  -8.79178,  -7.37693
  -8.77434, -14.18719
  -8.82619, -11.36711
  -8.63581,  -5.57091
  -8.68344,  -9.22103
  -8.79348,  -8.54941
  -8.63813,  -5.26585
  -8.43501,  -4.85550
  -8.44474,  -9.99218
  -8.53318, -12.01579
  -8.51590,  -4.69323
  -8.43873, -10.83404
  -8.37945,  -7.05034
  -8.32169,  -7.71644
  -8.27112, -10.52054
  -8.21951,  -3.24684
  -8.14348,  -6.21862
  -8.11464,  -5.43294
  -8.12825,  -7.75202
  -8.18879,  -9.57838
  -8.44324,  -5.57102
  -8.54983, -11.43716
  -8.41269,  -5.85979
  -8.24740, -10.64444
  -8.29699,  -9.07858
  -8.18908,  -2.83908
  -8.10616,  -8.83159
  -7.99108,  -5.23342
  -7.94526,  -6.44419
  -8.04306,  -6.71544
  -7.97441,  -4.54788
  -7.91550,  -8.72259
  -8.08283,  -7.88958
  -8.17535,  -4.28316
  -8.32779,  -9.95384
  -8.35501,  -8.15901
  -8.52677,  -9.89228
  -8.59921, -11.89894
  -8.65914,  -8.52082
  -8.63475,  -8.76097
  -8.39358, -12.74989
  -8.31668,  -7.93811
  -8.12524,  -5.04919
  -8.13587,  -8.72024
  -8.04635,  -0.92584
  -7.99002,  -4.61715
  -8.08114,  -9.40250
  -8.07636,  -5.18701
  -7.99887, -10.11720
  -8.01771, -14.61683
  -8.11922,  -7.40049
  -8.11317,  -6.51541
  -8.14273,  -9.16901
  -8.09217,  -8.70031
  -8.19592,  -9.05690
  -8.33904, -13.77024
  -8.41765,  -8.92037
  -8.43697, -11.73359
  -8.50107, -15.51351
  -8.50662,  -9.57926
  -8.61819, -14.02189
  -8.60304, -11.85293
  -8.56322,  -4.15570
  -8.60484, -12.01893
  -8.73732, -16.35676
  -8.71241,  -6.53100
  -8.69459, -11.75138
  -8.63046,  -7.49533
  -8.61469,  -5.23625
  -8.61709,  -6.07118
  -8.69502, -13.41780
  -8.56180,  -4.30020
  -8.61546, -10.60278
  -8.70436, -11.93667
  -8.61417,  -4.11240
  -8.67228, -11.30912
  -8.66922, -11.84349
  -8.53373,  -3.97565
  -8.50943,  -8.20610
  -8.59768,  -8.86333
  -8.41109,  -1.78799
  -8.44223, -10.48677
  -8.46296,  -9.66785
  -8.46522,  -7.13515
  -8.52093,  -9.79490
  -8.55362,  -9.48080
  -8.52464,  -6.04967
  -8.37074, -13.09600
  -8.45614, -10.76000
  -8.39030,  -3.78874
  -8.33528,  -7.86992
  -8.33125,  -7.65161
  -8.42240,  -7.59604
  -8.53714, -11.56731
  -8.58895,  -8.68720
  -8.60432,  -7.64472
  -8.61115, -12.61669
  -8.63187, -13.04189
  -8.84615,  -8.65699
  -9.01559, -12.77081
  -9.08367, -16.98438
  -9.01483,  -7.52760
  -9.20125, -22.20915
  -9.02488,  -2.05749
  -8.87390, -11.42093
  -8.83013, -14.06577
  -8.75280,  -6.13932
  -8.66506, -11.57594
  -8.43211,  -4.85094
  -8.29794,  -7.03166
  -8.04884,  -4.37825
  -7.85117,  -4.18293
  -7.82861,  -5.10852
  -7.87813,  -2.84446
  -7.89593,  -1.89521
  -8.11261,  -6.38430
  -8.20071,  -6.47031
  -8.33204, -10.58001
  -8.50959, -10.94721
  -8.66873,  -9.23682
  -8.84393, -14.62937
  -8.80121, -11.47658
  -8.70603, -13.34033
  -8.69400, -11.20576
  -8.55180,  -8.85732
  -8.45397,  -4.42383
  -8.36627,  -6.54602
  -8.30832,  -6.27205
  -8.14835,  -6.46891
  -8.02769,  -5.85974
  -7.84509,  -7.19597
  -7.82926,  -4.44690
  -7.82176,  -2.22081
  -7.94326,  -5.20640
  -7.95203,  -8.27610
  -7.94601,  -8.53334
  -8.03146,  -6.86206
  -8.18490, -10.22849
  -8.28008,  -9.83449
  -8.25488,  -9.35868
  -8.27999, -12.77786
  -8.27946,  -9.88123
  -8.31911, -11.58081
  -8.29429, -11.51350
  -8.12172,  -7.54210
  -8.10967, -10.78297
  -8.12714, -11.54608
  -8.03415,  -1.75740
  -7.90245,  -5.45946
  -7.85033,  -8.53356
  -7.85336,  -6.73689
  -7.83644,  -7.13558
  -7.86986,  -6.84094
  -7.92864,  -6.15363
  -7.89946,  -5.49235
  -7.95920,  -6.43824
  -8.10527,  -6.15589
  -8.06153,  -6.41726
  -8.08166,  -9.28357
  -8.14109,  -7.12845
  -8.26877, -15.09777
  -8.20872,  -6.04435
  -8.06072, -10.05590
  -8.17287,  -9.25922
  -8.05029,  -9.67433
  -8.00422,  -8.20976
  -8.02199,  -5.86977
  -8.10010, -10.06485
  -8.08353,  -5.96736
  -8.05231,  -5.74094
  -7.98167, -11.42513
  -7.93288,  -6.45508
  -7.83541,  -3.91669
  -7.78792,  -7.97305
  -7.75103, -11.67750
  -7.79242,  -5.63530
  -7.72990,  -6.21954
  -7.75356,  -8.82714
  -7.81538,  -6.27622
  -7.84631,  -9.06156
  -8.07752, -14.19967
  -8.24749, -11.52098
  -8.30518, -10.17314
  -8.55451, -11.54044
  -8.79821, -17.16738
  -8.76562,  -4.16969
  -8.92507, -22.51322
  -8.87538, -14.67029
  -8.62417, -12.70414
  -8.59264, -13.70350
  -8.48970,  -7.02341
  -8.19776,  -3.91707
  -7.94716,  -5.58355
  -7.85004,  -5.26872
  -7.77477,  -6.13264
  -7.73083,  -1.29471
  -7.71537,  -3.18483
  -7.77663,  -3.06686
  -7.78938,  -3.51499
  -7.79923,  -5.06402
  -7.94666,  -4.92332
  -8.32876, -14.68329
  -8.44035,  -7.12198
  -8.24433,  -0.09952
  -8.35071, -19.23833
  -8.36833, -10.19426
  -8.17405,  -7.43937
  -8.29913, -12.53508
  -8.16617,  -1.24458
  -7.95231,  -5.72919
  -7.79611, -10.06559
  -7.67092,  -3.71042
  -7.52171,  -6.50588
  -7.43219,  -2.87059
  -7.40749,  -2.71738
  -7.45931,  -6.41789
  -7.56161,  -7.48463
  -7.53061,  -3.20771
  -7.51801,  -8.66298
  -7.60178,  -6.46279
  -7.67498,  -4.29387
  -7.68292, -12.00993
  -7.90744, -13.17319
  -7.97575, -11.28069
  -8.09898, -19.30263
  -8.09966,  -6.15925
  -8.13217, -16.07494
  -8.02738, -10.28605
  -7.86792, -12.26536
  -7.93064, -14.37723
  -7.84986,  -1.96486
  -7.81384,  -6.97308
  -7.79866,  -5.14486
  -7.85204,  -6.78049
  -7.93156,  -5.50458
  -7.95798,  -5.90733
  -8.01979, -11.00514
  -7.98871,  -9.83354
  -8.00266, -10.38935
  -7.99028,  -5.67687
  -7.86492,  -9.53687
  -7.90947,  -5.70061
  -7.81375,  -4.41365
  -7.79139,  -9.83001
  -7.82567,  -7.41947
  -7.85913, -10.07971
  -7.94957,  -9.27022
  -7.83008,  -6.23248
  -7.91708,  -7.87690
  -8.08462, -10.59394
  -8.08432,  -6.88754
  -7.97223,  -5.79092
  -8.16162, -13.15086
  -8.23452, -13.76549
  -8.11524,  -5.17872
  -8.11491, -12.32313
  -8.10805, -10.30796
  -7.92700,  -5.54651
  -7.90584,  -7.77646
  -7.94758,  -7.98395
  -7.84082,  -6.71140
  -7.67457,  -8.69750
  -7.60935,  -9.23520
  -7.57851,  -4.53112
  -7.49705,  -8.54813
  -7.46997,  -8.80091
  -7.45354,  -6.45424
  -7.48349, -10.71283
  -7.59214,  -7.71817
  -7.66020,  -6.02995
  -7.72690,  -9.28307
  -7.79045, -10.58175
  -7.94483, -15.18579
  -7.93306,  -7.00541
  -8.03738, -11.58727
  -8.14538, -11.45991
  -8.06599,  -4.39142
  -8.19711, -15.38439
  -8.17725, -10.01309
  -8.27364,  -9.36412
  -8.37519,  -9.47541
  -8.25444,  -8.19658
  -8.24026,  -7.46183
  -8.28656, -12.26083
  -8.11099,  -3.74272
  -7.91350,  -4.44899
  -7.83425,  -9.68566
  -7.79831,  -5.55839
  -7.74694,  -1.54754
  -7.92777,  -8.25288
  -7.98081,  -6.23113
  -7.88529,  -3.95515
  -7.78415,  -5.79346
  -7.84449, -11.05491
  -7.74999,  -6.75898
  -7.56487,  -0.59671
  -7.59526, -12.31254
  -7.60262,  -4.24235
  -7.44106,  -6.01341
  -7.41539,  -9.12851
  -7.26125,  -6.85376
  -7.21307,  -5.23485
  -7.26162,  -6.56091
  -7.35398,  -5.11754
  -7.34464,  -3.39224
  -7.38065,  -7.58211
  -7.40242,  -7.53825
  -7.47946,  -9.89821
  -7.53039,  -6.23281
  -7.47024,  -5.28307
  -7.54005, -11.79408
  -7.51256,  -4.60946
  -7.52489,  -8.46586
  -7.53988, -10.83265
  -7.34728,  -2.06608
  -7.39405, -11.32470
  -7.44967,  -8.81688
  -7.21373,  -1.15259
  -7.10028,  -7.72600
  -7.10852,  -7.63817
  -7.13206,  -3.70344
  -7.05074,  -1.67835
  -7.13927,  -6.25471
  -7.20832,  -6.48834
  -7.13945,  -6.62430
  -7.15853,  -3.12854
  -7.25970,  -5.88998
  -7.47449,  -8.50057
  -7.37222,  -1.19431
  -7.61762, -14.54203
  -7.70646, -11.95453
  -7.55210,  -3.39670
  -7.38163, -10.54010
  -7.39331, -11.07061
  -7.21196,  -1.12996
  -7.04467,  -6.22080
  -6.80020,  -6.55999
  -6.60244,  -4.78036
  -6.49789,  -1.56488
  -6.42269,  -2.50580
  -6.36157,  -1.73177
  -6.29023,  -2.39652
  -6.29936,  -5.29062
  -6.42692,  -5.76036
  -6.53639,  -5.70186
  -6.70682,  -4.13342
  -6.97037,  -7.42058
  -7.26084, -11.42484
  -7.39242,  -6.64131
  -7.64652,  -7.34756
  -7.96488, -22.17160
  -7.66352,  -6.86856
  -7.70382, -18.84607
  -7.49917,  -9.82956
  -7.41387,  -3.92632
  -7.14463,  -7.31251
  -6.98159,  -7.71285
  -6.79190,  -2.03283
  -6.65450,  -3.70710
  -6.44058,  -1.51344
  -6.34614,  -1.32012
  -6.26427,  -2.12587
  -6.28905,  -1.22330
  -6.39343,  -1.85875
  -6.59862,  -2.76390
  -6.85589,  -7.09114
  -7.05547,  -6.97097
  -7.20268,  -8.04202
  -7.31761, -11.97555
  -7.47293, -11.59841
  -7.45432,  -8.01869
  -7.47382, -12.94081
  -7.54027,  -4.05654
  -7.47856, -12.30985
  -7.47068,  -9.62937
  -7.42434, -10.51682
  -7.38404,  -7.53092
  -7.25794,  -5.34077
  -7.09391,  -7.31317
  -6.95929,  -6.08097
  -6.89051,  -6.86518
  -6.82378,  -5.68765
  -6.83068,  -3.89828
  -6.79272,  -2.69719
  -6.73664,  -1.96539
  -6.75939,  -7.49992
  -6.89188,  -6.20408
  -7.05657,  -5.81897
  -7.12404,  -2.69310
  -7.17030,  -9.05748
  -7.32582, -12.91511
  -7.45469,  -9.84594
  -7.50260, -12.56696
  -7.44357, -11.84617
  -7.34603,  -8.73614
  -7.35159, -13.32777
  -7.10079,  -1.32210
  -6.99892,  -8.54355
  -6.98105,  -6.27287
  -6.90685,  -3.81985
  -6.91164,  -5.08952
  -6.99845,  -3.54112
  -7.07690,  -5.43632
  -7.06641,  -6.67898
  -7.07230,  -4.85858
  -7.11402,  -6.01813
  -7.20592,  -9.29012
  -7.16660,  -2.95981
  -7.22415,  -8.36627
  -7.25525,  -9.72997
  -7.30356,  -7.28579
  -7.29356,  -7.94091
  -7.31162,  -8.19654
  -7.39951,  -8.60398
  -7.43683,  -7.94637
  -7.50509,  -4.75053
  -7.50831, -12.28170
  -7.58748, -10.82738
  -7.49430,  -0.54979
  -7.42479,  -7.51749
  -7.26695,  -6.85791
  -7.21933,  -2.47883
  -7.15412,  -6.48201
  -7.11593, -10.02956
  -6.95663,  -2.91307
  -6.87398,  -7.35643
  -6.80211,  -9.20326
  -6.82811,  -4.31560
  -6.79008,  -1.83763
  -6.73088,  -3.33943
  -6.76219,  -6.99301
  -6.96763,  -8.16370
  -7.11218,  -5.23025
  -7.06439,  -4.96275
  -7.21756, -10.05496
  -7.38095, -13.24890
  -7.57473,  -7.83917
  -7.50737, -10.69480
  -7.32922,  -7.99265
  -7.29963, -11.48242
  -7.22691,  -5.36171
  -7.09628, -11.04460
  -7.04139,  -9.13510
  -7.05502,  -5.14326
  -7.11534,  -9.85785
  -7.09762,  -4.57554
  -7.03932,  -3.14706
  -7.10466,  -7.63918
  -7.12667,  -7.63900
  -7.09468,  -4.65522
  -7.07042,  -4.78553
  -7.14071,  -6.32784
  -7.16103,  -3.36046
  -7.14311,  -7.65092
  -7.31445, -11.56875
  -7.34581,  -6.98009
  -7.49198, -12.49497
  -7.46159,  -7.03064
  -7.43771, -10.03821
  -7.54175, -11.29193
  -7.71380,  -8.34874
  -7.73307,  -7.51437
  -7.66570,  -5.46038
  -7.70926,  -7.37381
  -7.89947, -17.49422
  -7.77082,  -2.80988
  -7.70978,  -7.55894
  -7.74171, -10.41000
  -7.66224,  -3.99662
  -7.44178,  -7.77166
  -7.28286,  -5.47511
  -7.14285,  -7.50216
  -7.07435,  -5.65798
  -7.07227,  -4.00022
  -6.98879,  -5.29778
  -6.85093,  -4.41613
  -6.78273,  -5.95714
  -6.76842,  -5.67402
  -6.81496,  -2.85763
  -6.90040,  -5.34721
  -6.99074,  -7.36624
  -6.95150,  -7.95222
  -6.92399,  -8.49526
  -6.98719,  -9.40229
  -7.04768,  -2.32926
  -7.11310,  -3.60645
  -7.17890,  -8.77367
  -7.35058, -10.85117
  -7.40194,  -5.78496
  -7.55228, -14.42377
  -7.54020,  -5.11911
  -7.65570, -13.71542
  -7.78837, -10.54979
  -7.92847, -11.20030
  -7.88810, -10.51281
  -7.73914,  -3.92472
  -7.66317, -14.12776
  -7.51072,  -7.28826
  -7.32851,  -7.54506
  -7.30520, -11.46733
  -7.24765,  -3.79533
  -7.20891,  -4.01846
  -7.25778,  -6.46875
  -7.37651,  -5.85232
  -7.45920,  -8.03396
  -7.46232,  -5.83209
  -7.46628,  -6.14752
  -7.51766,  -6.71348
  -7.69910, -13.30593
  -7.63586,  -5.40122
  -7.70801, -11.24363
  -7.78070, -15.33300
  -7.73998,  -8.58563
  -7.70129, -12.73908
  -7.72595, -11.40300
  -7.63863,  -4.31872
  -7.58737,  -9.67724
  -7.59904,  -8.58460
  -7.59126,  -4.61146
  -7.57021,  -5.77970
  -7.52477,  -6.64144
  -7.72069, -11.06520
  -7.78357,  -5.09286
  -7.76321,  -4.72056
  -7.76695,  -8.96119
  -7.78111,  -8.45424
  -7.78193,  -7.10498
  -7.85748, -11.53845
  -7.91525,  -7.68915
  -7.79297,  -4.94756
  -7.79747, -12.18769
  -7.79303,  -7.38355
  -7.79348,  -9.50969
  -7.70538,  -9.49708
  -7.74469,  -4.28540
  -7.78366,  -6.76886
  -7.83617, -10.64080
  -7.83713,  -7.36491
  -7.80738,  -9.06861
  -7.84947,  -7.63753
  -7.81389,  -4.27834
  -7.90596, -10.11804
  -7.92702, -10.53937
  -7.98104,  -9.67556
  -8.01243,  -5.67376
  -8.11684, -13.64709
  -8.05140,  -5.92168
  -7.93535,  -4.60637
  -8.06936, -16.65951
  -7.96741,  -6.39103
  -7.79718,  -1.97879
  -7.68490, -11.73809
  -7.70719,  -7.81625
  -7.79509,  -6.22660
  -7.84920,  -5.42355
  -7.84087,  -7.55871
  -7.68812,  -6.28992
  -7.64669,  -5.31870
  -7.80685, -12.70782
  -7.78001,  -5.51538
  -7.69287,  -6.82459
  -7.74700, -10.44075
  -7.76331,  -7.93414
  -7.68683,  -6.33619
  -7.74567,  -9.38592
  -7.79353,  -4.80234
  -7.69620,  -5.41963
  -7.65108, -10.27038
  -7.74300,  -7.75976
  -7.97524,  -5.42079
  -8.04831,  -9.02921
  -7.98547,  -4.35513
  -8.08002,  -5.00943
  -8.22634, -16.36473
  -8.06061,  -2.77865
  -7.80585,  -7.49738
  -7.73503,  -7.16959
  -7.58997,  -5.61504
  -7.40780,  -7.75899
  -7.17452,  -3.96195
  -6.97473,  -6.25875
  -6.95527,  -2.20683
  -7.01140,  -2.09539
  -7.08895,  -2.90702
  -7.08884,  -4.05288
  -7.17001,  -7.96058
  -7.23042,  -8.70648
  -7.40136,  -8.60159
  -7.55280,  -8.42819
  -7.72418, -10.25749
  -7.77788, -10.78549
  -7.81390,  -5.81270
  -7.80509, -12.68072
  -7.92775, -11.27495
  -7.90860,  -7.83905
  -7.88110, -14.65885
  -7.75104,  -8.89703
  -7.75023,  -5.89724
  -7.63355,  -9.77467
  -7.42305,  -1.86208
  -7.39209,  -3.95719
  -7.34310,  -7.16173
  -7.24610,  -3.75760
  -7.28466,  -8.37780
  -7.36034,  -6.47903
  -7.41591,  -7.29523
  -7.59851,  -3.90863
  -7.65360, -10.39489
  -7.59430,  -3.51338
  -7.47812, -10.71072
  -7.68662, -14.85829
  -7.50572,  -0.02912
  -7.41341,  -7.55023
  -7.24327,  -4.08887
  -7.21145,  -4.40935
  -7.35707,  -9.03231
  -7.31812,  -6.37800
  -7.21881,  -1.78508
  -7.23836,  -9.64323
  -7.23816, -12.91903
  -7.27703,  -1.44070
  -7.43722,  -4.82084
  -7.59769, -12.42396
  -7.64887,  -5.92412
  -7.80711,  -4.21094
  -8.01931, -17.38183
  -7.98051,  -7.00454
  -7.82307,  -5.67942
  -7.87330, -13.75163
  -7.77745,  -7.80152
  -7.56811, -11.20242
  -7.37956, -12.55942
  -7.25464,  -4.27845
  -7.20880,  -4.03475
  -7.07176,  -5.09819
  -6.91568,  -4.88040
  -6.79460,  -4.76420
  -6.81881,  -4.14781
  -6.93053,  -2.54061
  -7.09207,  -5.75924
  -7.26529,  -6.13989
  -7.49638,  -5.32594
  -7.72459, -13.28879
  -7.82902,  -7.11731
  -7.93763, -16.10170
  -8.16429, -11.72449
  -8.20073, -10.95999
  -8.35007,  -7.89852
  -8.34633, -15.83815
  -8.01056,  -7.88270
  -7.91049, -12.72713
  -7.70251,  -5.93785
  -7.52478,  -5.62614
  -7.24667,  -2.34672
  -7.03550,  -4.27430
  -6.80563,  -3.28524
  -6.63655,  -0.41644
  -6.64066,  -0.31740
  -6.74925,   0.15427
  -6.95199,  -1.31131
  -7.19936,  -5.71467
  -7.46839,  -8.04949
  -7.69110,  -9.00036
  -7.79542, -16.05103
  -7.89930, -12.88416
  -7.91647,  -9.13744
  -8.08162, -10.94595
  -8.01480, -10.84475
  -7.73028,  -7.20902
  -7.57449, -15.55177
  -7.52782, -11.55164
  -7.38253,  -4.61922
  -7.21188,  -5.58277
  -7.12978,  -2.58583
  -7.12751,  -3.92022
  -7.15058,  -5.34414
  -7.20880,  -4.06352
  -7.40936,  -8.78681
  -7.57809,  -7.30445
  -7.66430,  -7.67137
  -7.65091,  -7.20557
  -7.77337, -14.00285
  -7.80845,  -7.44026
  -7.75696,  -3.67912
  -7.74159, -13.87901
  -7.68288,  -5.46203
  -7.56709,  -6.74549
  -7.42382,  -6.54234
  -7.27821,  -5.56542
  -7.30841,  -8.68321
  -7.31324,  -3.22426
  -7.39185,  -4.92329
  -7.40737,  -6.75408
  -7.40756,  -9.44139
  -7.40742,  -6.36069
  -7.44427,  -5.89746
  -7.53317,  -8.49796
  -7.50474,  -4.87774
  -7.46995,  -4.62917
  -7.50474,  -8.28763
  -7.75159,  -3.53552
  -7.88454,  -8.84124
  -7.85605,  -9.86200
  -7.73677,  -2.79197
  -7.76303, -17.11777
  -7.55695,  -2.73248
  -7.36802,  -8.45205
  -7.13498,  -5.98307
  -7.03329,  -7.69700
  -7.01487,  -6.50865
  -6.95564,  -3.63305
  -6.87106,  -5.60174
  -6.82241,  -5.61296
  -6.73844,  -5.24954
  -6.72695,  -7.10715
  -6.82533,  -5.49503
  -7.08234,  -7.27069
  -7.30954,  -6.40301
  -7.49850,  -9.86972
  -7.66044, -11.58963
  -7.75380, -12.66828
  -7.91402, -12.82631
  -8.00173, -12.25803
  -7.98026, -11.56026
  -8.18286, -13.19641
  -8.24213,  -6.83425
  -8.29647, -15.29749
  -8.10543,  -5.23917
  -8.09458, -18.05681
  -8.01849,  -9.89278
  -7.77850,  -4.84198
  -7.65660,  -8.53942
  -7.61593,  -6.67654
