 -10.23758, -81.90067
 -10.50951, -84.07608
 -10.50951, -84.07608
 -10.50951, -84.07608
 -10.50951, -84.07608
 -10.25006, -82.00052
 -10.25006, -82.00052
 -10.25006, -82.00052
 -10.25006, -82.00052
 -10.25006, -82.00052
 -10.34617, -82.76933
 -10.34617, -82.76933
 -10.34617, -82.76933
 -10.34617, -82.76933
 -10.34617, -82.76933
 -10.34617, -82.76933
 -10.23758, -81.90067
 -10.23758, -81.90067
 -10.23758, -81.90067
 -10.23758, -81.90067
 -10.23758, -81.90067
 -10.23758, -81.90067
 -10.23758, -81.90067
 -10.23758, -81.90067
 -10.23758, -81.90067
 -10.23758, -81.90067
 -10.23758, -81.90067
 -10.23758, -81.90067
 -10.82431, -86.59444
 -10.82431, -86.59444
 -10.82431, -86.59444
 -10.82431, -86.59444
 -10.82431, -86.59444
 -10.82431, -86.59444
 -10.82431, -86.59444
 -10.25006, -82.00052
 -10.25006, -82.00052
 -10.25006, -82.00052
 -10.97323, -87.78587
 -10.97323, -87.78587
 -10.97323, -87.78587
 -10.97323, -87.78587
 -10.97323, -87.78587
 -10.97323, -87.78587
 -10.97323, -87.78587
 -10.23758, -81.90067
 -10.23758, -81.90067
 -10.23758, -81.90067
 -10.23758, -81.90067
 -10.23758, -81.90067
 -10.23758, -81.90067
 -10.23758, -81.90067
 -10.23758, -81.90067
 -10.23758, -81.90067
 -10.23758, -81.90067
 -10.23758, -81.90067
  -9.31360, -74.50881
  -9.31360, -74.50881
  -9.31360, -74.50881
  -9.31360, -74.50881
  -9.31360, -74.50881
  -9.31360, -74.50881
  -9.31360, -74.50881
  -9.02388, -72.19107
  -9.02388, -72.19107
  -9.02388, -72.19107
  -8.30399, -66.43193
  -8.30399, -66.43193
  -8.30399, -66.43193
  -8.30399, -66.43193
  -7.56505, -60.52040
  -7.56505, -60.52040
  -7.56505, -60.52040
  -7.56505, -60.52040
  -7.56505, -60.52040
  -7.36396, -58.91171
  -7.36396, -58.91171
  -7.36396, -58.91171
  -7.36396, -58.91171
  -7.36396, -58.91171
  -7.15025, -57.20200
  -7.15025, -57.20200
  -7.15025, -57.20200
  -7.15025, -57.20200
  -6.85622, -54.84978
  -6.85622, -54.84978
  -6.85622, -54.84978
  -6.85622, -54.84978
  -6.85622, -54.84978
  -6.85622, -54.84978
  -6.38479, -51.07832
  -6.38479, -51.07832
  -6.38479, -51.07832
  -6.38479, -51.07832
  -5.76669, -46.13350
  -5.76669, -46.13350
  -5.76669, -46.13350
  -5.76669, -46.13350
  -5.76669, -46.13350
  -5.43838, -43.50706
  -5.43838, -43.50706
  -5.43838, -43.50706
  -5.43838, -43.50706
  -5.43838, -43.50706
  -5.43838, -43.50706
  -5.43838, -43.50706
  -5.43838, -43.50706
  -5.43838, -43.50706
  -5.60896, -44.87165
  -5.60896, -44.87165
  -5.60896, -44.87165
  -5.60896, -44.87165
  -5.60896, -44.87165
  -5.13930, -41.11437
  -5.13930, -41.11437
  -5.13930, -41.11437
  -5.13930, -41.11437
  -5.13930, -41.11437
  -4.90885, -39.27081
  -4.90885, -39.27081
  -4.90885, -39.27081
  -4.90885, -39.27081
  -4.90885, -39.27081
  -4.90885, -39.27081
  -4.90885, -39.27081
  -4.90885, -39.27081
  -4.90885, -39.27081
  -4.90885, -39.27081
  -4.90885, -39.27081
  -4.90885, -39.27081
  -4.90885, -39.27081
  -4.90885, -39.27081
  -5.13930, -41.11437
  -5.13930, -41.11437
  -5.13930, -41.11437
  -5.13930, -41.11437
  -4.87343, -38.98741
  -4.87343, -38.98741
  -4.87343, -38.98741
  -4.87343, -38.98741
  -4.87343, -38.98741
  -4.90885, -39.27081
  -4.90885, -39.27081
  -4.90885, -39.27081
  -4.90885, -39.27081
  -4.90885, -39.27081
  -4.90885, -39.27081
  -4.90885, -39.27081
  -4.90885, -39.27081
  -4.90885, -39.27081
  -4.90885, -39.27081
  -4.90885, -39.27081
  -4.90885, -39.27081
  -4.90885, -39.27081
  -4.90885, -39.27081
  -4.90885, -39.27081
  -4.90885, -39.27081
  -4.90885, -39.27081
  -4.90885, -39.27081
  -4.90885, -39.27081
  -4.90885, -39.27081
  -4.90885, -39.27081
  -4.90885, -39.27081
  -4.90885, -39.27081
  -4.90885, -39.27081
  -4.45239, -35.61911
  -4.45239, -35.61911
  -4.45239, -35.61911
  -4.45239, -35.61911
  -4.45239, -35.61911
  -4.90885, -39.27081
  -4.90885, -39.27081
  -4.90885, -39.27081
  -4.90885, -39.27081
  -4.21084, -33.68670
  -4.21084, -33.68670
  -4.21084, -33.68670
  -4.21084, -33.68670
  -4.21084, -33.68670
  -4.21084, -33.68670
  -4.21084, -33.68670
  -4.21084, -33.68670
  -4.21084, -33.68670
  -4.21084, -33.68670
  -4.21084, -33.68670
  -4.21084, -33.68670
  -4.21084, -33.68670
  -4.21084, -33.68670
  -4.21084, -33.68670
  -4.21084, -33.68670
  -4.21084, -33.68670
  -4.21084, -33.68670
  -4.21084, -33.68670
  -3.98316, -31.86529
  -3.98316, -31.86529
  -3.98316, -31.86529
  -3.98316, -31.86529
  -3.98316, -31.86529
  -3.98316, -31.86529
  -3.98316, -31.86529
  -3.98316, -31.86529
  -3.98316, -31.86529
  -4.15761, -33.26086
  -4.15761, -33.26086
  -4.15761, -33.26086
  -4.15761, -33.26086
  -4.15761, -33.26086
  -4.15761, -33.26086
  -4.15761, -33.26086
  -4.15761, -33.26086
  -4.15761, -33.26086
  -4.15761, -33.26086
  -4.15761, -33.26086
  -4.15761, -33.26086
  -4.15761, -33.26086
  -4.15761, -33.26086
  -4.15761, -33.26086
  -4.15761, -33.26086
  -4.15761, -33.26086
  -4.15761, -33.26086
  -4.15761, -33.26086
  -4.15761, -33.26086
  -4.15761, -33.26086
  -4.15761, -33.26086
  -4.15761, -33.26086
  -4.15761, -33.26086
  -4.15761, -33.26086
  -3.92585, -31.40681
  -3.92585, -31.40681
  -3.92585, -31.40681
  -3.92585, -31.40681
  -3.98316, -31.86529
  -3.98316, -31.86529
  -3.98316, -31.86529
  -3.98316, -31.86529
  -3.98316, -31.86529
  -3.90673, -31.25385
  -3.90673, -31.25385
  -3.90673, -31.25385
  -3.90673, -31.25385
  -4.15761, -33.26086
  -4.15761, -33.26086
  -4.15761, -33.26086
  -4.15761, -33.26086
  -4.15761, -33.26086
  -3.90673, -31.25385
  -3.90673, -31.25385
  -3.90673, -31.25385
  -3.90673, -31.25385
  -3.90673, -31.25385
  -3.90673, -31.25385
  -3.90673, -31.25385
  -3.90673, -31.25385
  -3.90673, -31.25385
  -3.90673, -31.25385
  -3.90673, -31.25385
  -3.90673, -31.25385
  -3.90673, -31.25385
  -3.90673, -31.25385
  -3.93476, -31.47807
  -3.93476, -31.47807
  -3.93476, -31.47807
  -3.93476, -31.47807
  -3.93476, -31.47807
  -3.93476, -31.47807
  -3.23100, -25.84803
  -3.23100, -25.84803
  -3.23100, -25.84803
  -3.23100, -25.84803
  -3.15516, -25.24126
  -3.15516, -25.24126
  -3.15516, -25.24126
  -3.15516, -25.24126
  -3.15516, -25.24126
  -3.15516, -25.24126
  -3.15516, -25.24126
  -3.15516, -25.24126
  -3.15516, -25.24126
  -3.23100, -25.84803
  -3.23100, -25.84803
  -3.23100, -25.84803
  -3.23100, -25.84803
  -3.23100, -25.84803
  -3.23100, -25.84803
  -3.23100, -25.84803
  -3.23100, -25.84803
  -3.23100, -25.84803
  -3.23100, -25.84803
  -3.15516, -25.24126
  -3.15516, -25.24126
  -3.15516, -25.24126
  -3.15516, -25.24126
  -3.15516, -25.24126
  -3.23100, -25.84803
  -3.23100, -25.84803
  -3.23100, -25.84803
  -3.23100, -25.84803
  -3.15516, -25.24126
  -3.15516, -25.24126
  -3.15516, -25.24126
  -3.15516, -25.24126
  -3.15516, -25.24126
  -3.15516, -25.24126
  -3.15516, -25.24126
  -3.15516, -25.24126
  -3.15516, -25.24126
  -3.15516, -25.24126
  -3.15516, -25.24126
  -3.15516, -25.24126
  -3.15516, -25.24126
  -3.15516, -25.24126
  -3.15516, -25.24126
  -3.15516, -25.24126
  -2.95158, -23.61265
  -2.95158, -23.61265
  -2.95158, -23.61265
  -2.95158, -23.61265
  -2.95158, -23.61265
  -2.95158, -23.61265
  -2.95158, -23.61265
  -2.95158, -23.61265
  -2.95158, -23.61265
  -2.95158, -23.61265
  -2.95158, -23.61265
  -2.95158, -23.61265
  -2.95158, -23.61265
  -2.77437, -22.19497
  -2.77437, -22.19497
  -2.77437, -22.19497
  -2.77437, -22.19497
  -2.77437, -22.19497
  -2.77437, -22.19497
  -3.15516, -25.24126
  -3.15516, -25.24126
  -3.15516, -25.24126
  -3.15516, -25.24126
  -3.15516, -25.24126
  -3.15516, -25.24126
  -3.15516, -25.24126
  -3.15516, -25.24126
  -3.15516, -25.24126
  -3.15516, -25.24126
  -3.15516, -25.24126
  -3.15516, -25.24126
  -3.15516, -25.24126
  -3.40493, -27.23943
  -3.40493, -27.23943
  -3.40493, -27.23943
  -3.40493, -27.23943
  -3.40493, -27.23943
  -4.97724, -39.81791
  -4.97724, -39.81791
  -4.97724, -39.81791
  -4.97724, -39.81791
  -3.15432, -25.23456
  -3.15432, -25.23456
  -3.15432, -25.23456
  -3.15432, -25.23456
  -3.15432, -25.23456
  -3.15432, -25.23456
  -3.15432, -25.23456
  -3.15432, -25.23456
  -3.15432, -25.23456
  -3.15432, -25.23456
  -3.40336, -27.22686
  -3.40336, -27.22686
  -3.40336, -27.22686
  -3.40336, -27.22686
  -3.22944, -25.83550
  -3.22944, -25.83550
  -3.22944, -25.83550
  -3.22944, -25.83550
  -3.22944, -25.83550
  -3.22944, -25.83550
  -3.22944, -25.83550
  -3.22944, -25.83550
  -3.22944, -25.83550
  -3.22944, -25.83550
  -3.15349, -25.22792
  -3.15349, -25.22792
  -3.15349, -25.22792
  -3.15349, -25.22792
  -3.40179, -27.21434
  -3.40179, -27.21434
  -3.40179, -27.21434
  -3.40179, -27.21434
  -3.40179, -27.21434
  -3.40179, -27.21434
  -3.22866, -25.82927
  -3.22866, -25.82927
  -3.22866, -25.82927
  -3.22866, -25.82927
  -3.22866, -25.82927
  -3.22866, -25.82927
  -3.22866, -25.82927
  -3.22866, -25.82927
  -3.22866, -25.82927
  -3.15267, -25.22133
  -3.15267, -25.22133
  -3.15267, -25.22133
  -3.15267, -25.22133
  -3.15267, -25.22133
  -3.15267, -25.22133
  -3.15267, -25.22133
  -3.15267, -25.22133
  -3.15267, -25.22133
  -3.22788, -25.82307
  -3.22788, -25.82307
  -3.22788, -25.82307
  -3.22788, -25.82307
  -3.22788, -25.82307
  -3.22788, -25.82307
  -3.22788, -25.82307
  -3.22788, -25.82307
  -3.17971, -25.43770
  -3.17971, -25.43770
  -3.39868, -27.18948
  -3.39868, -27.18948
  -3.39868, -27.18948
  -3.39868, -27.18948
  -3.39868, -27.18948
  -3.04070, -24.32557
  -3.04070, -24.32557
  -3.04070, -24.32557
  -3.04070, -24.32557
  -3.22711, -25.81689
  -3.22711, -25.81689
  -3.22711, -25.81689
  -3.22711, -25.81689
  -3.22711, -25.81689
  -3.22711, -25.81689
  -3.22711, -25.81689
  -3.22711, -25.81689
  -3.22711, -25.81689
  -3.22711, -25.81689
  -3.44718, -27.57741
  -3.44718, -27.57741
  -3.44718, -27.57741
  -3.44718, -27.57741
  -3.03919, -24.31349
  -3.03919, -24.31349
  -3.03919, -24.31349
  -3.03919, -24.31349
  -3.03919, -24.31349
  -3.03919, -24.31349
  -3.03919, -24.31349
  -3.22634, -25.81074
  -3.22634, -25.81074
  -3.22634, -25.81074
  -3.22634, -25.81074
  -2.64621, -21.16970
  -2.64621, -21.16970
  -2.64621, -21.16970
  -2.64474, -21.15796
  -2.64474, -21.15796
  -2.64474, -21.15796
  -2.64474, -21.15796
  -2.64474, -21.15796
  -2.41867, -19.34936
  -2.41867, -19.34936
  -2.41867, -19.34936
  -2.41867, -19.34936
  -2.41867, -19.34936
  -2.41867, -19.34936
  -2.41867, -19.34936
  -2.41867, -19.34936
  -2.41867, -19.34936
  -2.41867, -19.34936
  -2.69721, -21.57769
  -2.69721, -21.57769
  -2.69721, -21.57769
  -2.69721, -21.57769
  -2.69721, -21.57769
  -2.59228, -20.73825
  -2.59228, -20.73825
  -2.59228, -20.73825
  -2.59228, -20.73825
  -2.59228, -20.73825
  -2.59228, -20.73825
  -2.59228, -20.73825
  -2.59228, -20.73825
  -2.59228, -20.73825
  -3.15123, -25.20986
  -3.15123, -25.20986
  -3.15123, -25.20986
  -3.15123, -25.20986
  -2.87070, -22.96561
  -2.87070, -22.96561
  -2.87070, -22.96561
  -2.87070, -22.96561
  -2.87070, -22.96561
  -3.15123, -25.20986
  -3.15123, -25.20986
  -3.15123, -25.20986
  -3.15123, -25.20986
  -3.15123, -25.20986
  -3.15123, -25.20986
  -3.15123, -25.20986
  -3.15123, -25.20986
  -3.15123, -25.20986
  -3.15123, -25.20986
  -3.15123, -25.20986
  -2.64316, -21.14530
  -2.64316, -21.14530
  -2.64316, -21.14530
  -2.64316, -21.14530
  -2.64316, -21.14530
  -2.64316, -21.14530
  -2.64316, -21.14530
  -2.64316, -21.14530
  -3.18075, -25.44598
  -3.18075, -25.44598
  -3.18075, -25.44598
  -3.18075, -25.44598
  -3.18075, -25.44598
  -2.64316, -21.14530
  -2.64316, -21.14530
  -2.64316, -21.14530
  -2.64316, -21.14530
  -2.64316, -21.14530
  -2.99132, -23.93058
  -2.99132, -23.93058
  -2.99132, -23.93058
  -2.99132, -23.93058
  -2.99613, -23.96906
  -2.99613, -23.96906
  -2.99613, -23.96906
  -2.99613, -23.96906
  -2.99613, -23.96906
  -3.39541, -27.16331
  -3.39541, -27.16331
  -3.39541, -27.16331
  -3.39541, -27.16331
  -3.39541, -27.16331
  -3.39541, -27.16331
  -3.39541, -27.16331
  -3.39541, -27.16331
  -3.39541, -27.16331
  -2.74597, -21.96779
  -2.74597, -21.96779
  -2.74597, -21.96779
  -2.74597, -21.96779
  -2.74597, -21.96779
  -2.96739, -23.73911
  -2.96739, -23.73911
  -2.96739, -23.73911
  -2.96739, -23.73911
  -2.96739, -23.73911
  -2.54138, -20.33106
  -2.54138, -20.33106
  -2.54138, -20.33106
  -2.54138, -20.33106
  -2.54138, -20.33106
  -2.54138, -20.33106
  -2.54138, -20.33106
  -2.54138, -20.33106
  -2.54138, -20.33106
  -2.54138, -20.33106
  -2.49756, -19.98051
  -2.49756, -19.98051
  -2.49756, -19.98051
  -2.49756, -19.98051
  -2.99422, -23.95378
  -2.99422, -23.95378
  -2.99422, -23.95378
  -2.99422, -23.95378
  -2.99422, -23.95378
  -2.64452, -21.15612
  -2.64452, -21.15612
  -2.64452, -21.15612
  -2.64452, -21.15612
  -2.99422, -23.95378
  -2.99422, -23.95378
  -2.99422, -23.95378
  -2.99422, -23.95378
  -2.99422, -23.95378
  -2.99422, -23.95378
  -2.46442, -19.71532
  -2.46442, -19.71532
  -2.46442, -19.71532
  -2.46442, -19.71532
  -2.64452, -21.15612
  -2.64452, -21.15612
  -2.64452, -21.15612
  -2.64452, -21.15612
  -2.64452, -21.15612
  -2.64452, -21.15612
  -2.64452, -21.15612
  -2.64452, -21.15612
  -2.64452, -21.15612
  -2.64452, -21.15612
  -2.64452, -21.15612
  -2.39884, -19.19071
  -2.39884, -19.19071
  -2.39884, -19.19071
  -2.39884, -19.19071
  -2.47174, -19.77394
  -2.47174, -19.77394
  -2.47174, -19.77394
  -2.47174, -19.77394
  -2.66808, -21.34460
  -2.66808, -21.34460
  -2.66808, -21.34460
  -2.66808, -21.34460
  -2.66808, -21.34460
  -2.66808, -21.34460
  -2.66808, -21.34460
  -2.66808, -21.34460
  -2.66808, -21.34460
  -2.66808, -21.34460
  -2.64452, -21.15612
  -2.64452, -21.15612
  -2.64452, -21.15612
  -2.64452, -21.15612
  -1.66930, -13.35441
  -1.66930, -13.35441
  -1.66930, -13.35441
  -1.66930, -13.35441
  -1.66930, -13.35441
  -2.43602, -19.48818
  -2.43602, -19.48818
  -2.43602, -19.48818
  -2.43602, -19.48818
  -2.43602, -19.48818
  -2.43602, -19.48818
  -2.43602, -19.48818
  -1.94052, -15.52416
  -1.94052, -15.52416
  -1.94052, -15.52416
  -1.94052, -15.52416
  -1.94052, -15.52416
  -1.94052, -15.52416
  -1.94052, -15.52416
  -1.88834, -15.10672
  -1.88834, -15.10672
  -1.88834, -15.10672
  -1.88834, -15.10672
  -1.94052, -15.52416
  -1.94052, -15.52416
  -1.94052, -15.52416
  -1.94052, -15.52416
  -1.94052, -15.52416
  -1.72248, -13.77982
  -1.72248, -13.77982
  -1.72248, -13.77982
  -1.72248, -13.77982
  -1.72248, -13.77982
  -1.72248, -13.77982
  -1.72248, -13.77982
  -1.72248, -13.77982
  -1.72248, -13.77982
  -1.91945, -15.35563
  -1.91945, -15.35563
  -1.91945, -15.35563
  -1.91945, -15.35563
  -1.91945, -15.35563
  -1.71932, -13.75460
  -1.71932, -13.75460
  -1.71932, -13.75460
  -1.71932, -13.75460
  -1.71932, -13.75460
  -1.71932, -13.75460
  -1.71932, -13.75460
  -1.71932, -13.75460
  -1.71932, -13.75460
  -1.54055, -12.32438
  -1.54055, -12.32438
  -1.54055, -12.32438
  -1.54055, -12.32438
  -1.54055, -12.32438
  -1.64801, -13.18408
  -1.64801, -13.18408
  -1.64801, -13.18408
  -1.64801, -13.18408
  -1.64801, -13.18408
  -1.72248, -13.77982
  -1.72248, -13.77982
  -1.72248, -13.77982
  -1.72248, -13.77982
  -1.72248, -13.77982
  -1.28526, -10.28204
  -1.28526, -10.28204
  -1.28526, -10.28204
  -1.28526, -10.28204
  -1.28526, -10.28204
  -1.28526, -10.28204
  -1.28526, -10.28204
  -1.74016, -13.92125
  -1.74016, -13.92125
  -1.54055, -12.32438
  -1.54055, -12.32438
  -1.54055, -12.32438
  -1.54055, -12.32438
  -1.54055, -12.32438
  -1.54055, -12.32438
  -1.54055, -12.32438
  -1.54055, -12.32438
  -1.54055, -12.32438
  -1.54055, -12.32438
  -1.46203, -11.69623
  -1.46203, -11.69623
  -1.46203, -11.69623
  -1.46203, -11.69623
  -1.46203, -11.69623
  -1.46203, -11.69623
  -1.49971, -11.99766
  -1.49971, -11.99766
  -1.49971, -11.99766
  -1.49971, -11.99766
  -2.05815, -16.46523
  -2.05815, -16.46523
  -2.05815, -16.46523
  -2.05815, -16.46523
  -1.74016, -13.92125
  -1.74016, -13.92125
  -1.74016, -13.92125
  -1.74016, -13.92125
  -1.74016, -13.92125
  -1.35413, -10.83301
  -1.35413, -10.83301
  -1.35413, -10.83301
  -1.35413, -10.83301
  -1.71430, -13.71443
  -1.71430, -13.71443
  -1.71430, -13.71443
  -1.71430, -13.71443
  -1.71430, -13.71443
  -1.18962,  -9.51697
  -1.18962,  -9.51697
  -1.18962,  -9.51697
  -1.18962,  -9.51697
  -1.18962,  -9.51697
  -1.72172, -13.77379
  -1.72172, -13.77379
  -1.72172, -13.77379
  -1.72172, -13.77379
  -1.68617, -13.48938
  -1.68617, -13.48938
  -1.68617, -13.48938
  -1.68617, -13.48938
  -1.68617, -13.48938
  -1.13585,  -9.08678
  -1.13585,  -9.08678
  -1.13585,  -9.08678
  -1.13585,  -9.08678
  -1.13585,  -9.08678
  -1.13585,  -9.08678
  -1.13585,  -9.08678
  -1.13585,  -9.08678
  -1.13585,  -9.08678
  -1.89121, -15.12970
  -1.89121, -15.12970
  -1.89121, -15.12970
  -1.89121, -15.12970
  -1.89121, -15.12970
  -1.71430, -13.71443
  -1.71430, -13.71443
  -1.71430, -13.71443
  -1.71430, -13.71443
  -1.71430, -13.71443
  -1.89121, -15.12970
  -1.89121, -15.12970
  -1.89121, -15.12970
  -1.89121, -15.12970
  -1.89121, -15.12970
  -1.89121, -15.12970
  -1.89121, -15.12970
  -1.89121, -15.12970
  -1.89121, -15.12970
  -1.08332,  -8.66655
  -1.08332,  -8.66655
  -1.08332,  -8.66655
  -1.08332,  -8.66655
  -1.08332,  -8.66655
  -1.08332,  -8.66655
  -1.08332,  -8.66655
  -1.08332,  -8.66655
  -1.08332,  -8.66655
  -1.72097, -13.76777
  -1.72097, -13.76777
  -1.72097, -13.76777
  -1.72097, -13.76777
  -1.72097, -13.76777
  -1.72097, -13.76777
  -1.27569, -10.20552
  -1.27569, -10.20552
  -1.27569, -10.20552
  -1.27569, -10.20552
  -1.27569, -10.20552
  -1.27569, -10.20552
  -1.27569, -10.20552
  -1.27569, -10.20552
  -1.27569, -10.20552
  -1.47109, -11.76876
  -1.47109, -11.76876
  -1.47109, -11.76876
  -1.47109, -11.76876
  -1.35786, -10.86288
  -1.35786, -10.86288
  -1.35786, -10.86288
  -1.35786, -10.86288
  -1.35786, -10.86288
  -1.18751,  -9.50005
  -1.18751,  -9.50005
  -1.18751,  -9.50005
  -1.18751,  -9.50005
  -1.18751,  -9.50005
  -1.47109, -11.76876
  -1.47109, -11.76876
  -1.47109, -11.76876
  -1.47109, -11.76876
  -1.47109, -11.76876
  -1.27569, -10.20552
  -1.27569, -10.20552
  -1.27569, -10.20552
  -1.27569, -10.20552
  -1.47109, -11.76876
  -1.47109, -11.76876
  -1.47109, -11.76876
  -1.47109, -11.76876
  -1.47109, -11.76876
  -1.47109, -11.76876
  -1.47109, -11.76876
  -1.47109, -11.76876
  -1.47109, -11.76876
  -1.47109, -11.76876
  -3.28328, -26.26625
  -3.28328, -26.26625
  -3.28328, -26.26625
  -3.28328, -26.26625
  -3.28328, -26.26625
  -0.79185,  -6.33478
  -0.79185,  -6.33478
  -0.79185,  -6.33478
  -0.79185,  -6.33478
  -0.32863,  -2.62902
  -0.32863,  -2.62902
  -0.32863,  -2.62902
  -0.32863,  -2.62902
  -0.32863,  -2.62902
  -0.96574,  -7.72588
  -0.96574,  -7.72588
  -0.96574,  -7.72588
  -0.96574,  -7.72588
  -0.96574,  -7.72588
  -0.53092,  -4.24736
  -0.53092,  -4.24736
  -0.53092,  -4.24736
  -0.53092,  -4.24736
  -0.96795,  -7.74357
  -0.96795,  -7.74357
  -0.96795,  -7.74357
  -0.96795,  -7.74357
  -0.96795,  -7.74357
  -0.69795,  -5.58362
  -0.69795,  -5.58362
  -0.69795,  -5.58362
  -0.69795,  -5.58362
  -0.69795,  -5.58362
  -0.43620,  -3.48960
  -0.43620,  -3.48960
  -0.43620,  -3.48960
  -0.43620,  -3.48960
  -0.43620,  -3.48960
  -1.13729,  -9.09832
  -1.13729,  -9.09832
  -1.13729,  -9.09832
  -1.13729,  -9.09832
  -1.13729,  -9.09832
  -0.72254,  -5.78030
  -0.72254,  -5.78030
  -0.72254,  -5.78030
  -0.72254,  -5.78030
  -0.72254,  -5.78030
  -0.72254,  -5.78030
  -0.69795,  -5.58362
  -0.69795,  -5.58362
  -0.69795,  -5.58362
  -0.69795,  -5.58362
  -0.72254,  -5.78030
  -0.72254,  -5.78030
  -0.72254,  -5.78030
  -0.72254,  -5.78030
  -0.93579,  -7.48632
  -0.93579,  -7.48632
  -0.93579,  -7.48632
  -0.93579,  -7.48632
  -0.43620,  -3.48960
  -0.43620,  -3.48960
  -0.43620,  -3.48960
  -0.43620,  -3.48960
  -0.43620,  -3.48960
  -0.60271,  -4.82167
  -0.60271,  -4.82167
  -0.60271,  -4.82167
  -0.60271,  -4.82167
  -0.60271,  -4.82167
  -0.93579,  -7.48632
  -0.93579,  -7.48632
  -0.93579,  -7.48632
  -0.93579,  -7.48632
  -0.93579,  -7.48632
  -0.75819,  -6.06548
  -0.75819,  -6.06548
  -0.75819,  -6.06548
  -0.75819,  -6.06548
  -0.75819,  -6.06548
   0.31317,   2.50534
   0.31317,   2.50534
   0.31317,   2.50534
   0.31317,   2.50534
  -0.38596,  -3.08768
  -0.38596,  -3.08768
  -0.38596,  -3.08768
  -0.38596,  -3.08768
  -0.38596,  -3.08768
   0.36987,   2.95895
   0.36987,   2.95895
   0.36987,   2.95895
   0.36987,   2.95895
   0.36987,   2.95895
   0.36987,   2.95895
  -0.04434,  -0.35468
  -0.04434,  -0.35468
  -0.04434,  -0.35468
  -0.04434,  -0.35468
  -0.04434,  -0.35468
  -0.79477,  -6.35814
  -0.79477,  -6.35814
  -0.79477,  -6.35814
  -0.99661,  -7.97286
  -0.99661,  -7.97286
  -0.99661,  -7.97286
  -0.99661,  -7.97286
  -0.99661,  -7.97286
  -1.13729,  -9.09832
  -1.13729,  -9.09832
  -1.13729,  -9.09832
  -1.13729,  -9.09832
  -1.13729,  -9.09832
  -0.93579,  -7.48632
  -0.93579,  -7.48632
  -0.93579,  -7.48632
  -0.93579,  -7.48632
  -0.99661,  -7.97286
  -0.99661,  -7.97286
  -0.99661,  -7.97286
  -0.99661,  -7.97286
  -0.99661,  -7.97286
  -0.04434,  -0.35468
  -0.04434,  -0.35468
  -0.04434,  -0.35468
  -0.04434,  -0.35468
  -0.04434,  -0.35468
  -0.04434,  -0.35468
  -0.96720,  -7.73762
  -0.96720,  -7.73762
  -0.96720,  -7.73762
  -0.96720,  -7.73762
  -0.96720,  -7.73762
  -0.79477,  -6.35814
  -0.79477,  -6.35814
  -0.79477,  -6.35814
  -0.96720,  -7.73762
  -0.96720,  -7.73762
  -0.96720,  -7.73762
  -0.96720,  -7.73762
  -0.96720,  -7.73762
  -2.32517, -18.60137
  -2.32517, -18.60137
  -2.32517, -18.60137
  -2.32517, -18.60137
  -2.32517, -18.60137
  -0.79477,  -6.35814
  -0.79477,  -6.35814
  -0.79477,  -6.35814
  -0.79477,  -6.35814
  -0.72168,  -5.77340
  -0.72168,  -5.77340
  -0.72168,  -5.77340
  -0.72168,  -5.77340
  -0.72168,  -5.77340
  -0.52953,  -4.23623
  -0.52953,  -4.23623
  -0.52953,  -4.23623
  -0.52953,  -4.23623
  -0.52953,  -4.23623
  -0.52953,  -4.23623
  -0.52953,  -4.23623
  -0.52953,  -4.23623
  -0.52953,  -4.23623
  -0.52953,  -4.23623
  -0.27033,  -2.16264
  -0.27033,  -2.16264
  -0.27033,  -2.16264
  -0.27033,  -2.16264
  -0.27033,  -2.16264
  -0.27033,  -2.16264
  -0.27033,  -2.16264
  -0.27033,  -2.16264
  -0.27033,  -2.16264
  -0.27033,  -2.16264
  -0.27033,  -2.16264
  -0.27033,  -2.16264
   0.05240,   0.41918
   0.05240,   0.41918
   0.05240,   0.41918
   0.05240,   0.41918
  -0.14181,  -1.13448
  -0.14181,  -1.13448
  -0.14181,  -1.13448
  -0.38448,  -3.07585
  -0.38448,  -3.07585
  -0.38448,  -3.07585
  -0.38448,  -3.07585
  -0.75633,  -6.05060
  -0.75633,  -6.05060
  -0.75633,  -6.05060
  -0.75633,  -6.05060
  -0.75633,  -6.05060
  -0.21479,  -1.71830
  -0.21479,  -1.71830
  -0.21479,  -1.71830
  -0.21479,  -1.71830
  -0.21479,  -1.71830
  -0.14181,  -1.13448
  -0.14181,  -1.13448
  -0.14181,  -1.13448
  -0.14181,  -1.13448
   0.05240,   0.41918
   0.05240,   0.41918
   0.05240,   0.41918
   0.05240,   0.41918
   0.05240,   0.41918
  -0.38448,  -3.07585
  -0.38448,  -3.07585
  -0.38448,  -3.07585
  -0.38448,  -3.07585
  -0.38448,  -3.07585
  -0.38448,  -3.07585
  -0.38448,  -3.07585
  -0.38448,  -3.07585
  -0.38448,  -3.07585
  -0.38448,  -3.07585
  -0.75633,  -6.05060
  -0.75633,  -6.05060
  -0.75633,  -6.05060
  -0.75633,  -6.05060
  -0.75633,  -6.05060
  -0.75633,  -6.05060
  -0.21479,  -1.71830
  -0.21479,  -1.71830
  -0.21479,  -1.71830
  -0.38448,  -3.07585
  -0.38448,  -3.07585
  -0.38448,  -3.07585
  -0.38448,  -3.07585
  -0.38448,  -3.07585
  -0.14181,  -1.13448
  -0.14181,  -1.13448
  -0.14181,  -1.13448
  -0.14181,  -1.13448
  -0.14181,  -1.13448
  -0.14181,  -1.13448
  -0.14181,  -1.13448
  -0.14181,  -1.13448
  -0.14181,  -1.13448
  -0.21479,  -1.71830
  -0.21479,  -1.71830
  -0.21479,  -1.71830
  -0.21479,  -1.71830
  -0.21479,  -1.71830
  -0.47642,  -3.81132
  -0.47642,  -3.81132
  -0.47642,  -3.81132
  -0.47642,  -3.81132
  -0.47642,  -3.81132
  -0.47642,  -3.81132
  -0.21479,  -1.71830
  -0.21479,  -1.71830
  -0.21479,  -1.71830
  -0.21479,  -1.71830
  -0.38448,  -3.07585
  -0.38448,  -3.07585
  -0.38448,  -3.07585
  -0.38448,  -3.07585
  -0.38448,  -3.07585
  -0.38448,  -3.07585
  -0.38448,  -3.07585
  -0.38448,  -3.07585
  -0.38448,  -3.07585
  -2.18029, -17.44230
  -2.18029, -17.44230
  -2.18029, -17.44230
  -2.18029, -17.44230
  -2.18029, -17.44230
  -0.93446,  -7.47567
  -0.93446,  -7.47567
  -0.93446,  -7.47567
  -0.93446,  -7.47567
  -0.04434,  -0.35468
  -0.04434,  -0.35468
  -0.04434,  -0.35468
  -0.04434,  -0.35468
  -0.04434,  -0.35468
  -0.75633,  -6.05060
  -0.75633,  -6.05060
  -0.75633,  -6.05060
  -0.75633,  -6.05060
  -0.75633,  -6.05060
  -0.38448,  -3.07585
  -0.38448,  -3.07585
  -0.38448,  -3.07585
  -0.38448,  -3.07585
  -0.38448,  -3.07585
  -0.38448,  -3.07585
  -0.38448,  -3.07585
  -0.38448,  -3.07585
  -0.38448,  -3.07585
  -0.38448,  -3.07585
  -0.38448,  -3.07585
  -0.38448,  -3.07585
  -0.38448,  -3.07585
  -0.38448,  -3.07585
  -0.38448,  -3.07585
  -0.38448,  -3.07585
  -0.38448,  -3.07585
  -0.38448,  -3.07585
  -0.38448,  -3.07585
  -2.18663, -17.49307
  -2.18663, -17.49307
  -2.18663, -17.49307
  -2.18663, -17.49307
  -2.18663, -17.49307
  -2.18663, -17.49307
  -2.18663, -17.49307
  -2.18663, -17.49307
  -2.33379, -18.67034
   0.15267,   1.22137
   0.15267,   1.22137
   0.15267,   1.22137
   0.15267,   1.22137
   0.15267,   1.22137
  -0.38448,  -3.07585
  -0.38448,  -3.07585
  -0.38448,  -3.07585
  -0.38448,  -3.07585
  -0.38448,  -3.07585
  -0.38448,  -3.07585
  -0.38448,  -3.07585
  -0.38448,  -3.07585
  -0.38448,  -3.07585
   0.21538,   1.72305
   0.21538,   1.72305
   0.21538,   1.72305
   0.21538,   1.72305
   0.21538,   1.72305
   0.05315,   0.42520
   0.05315,   0.42520
   0.05315,   0.42520
   0.05315,   0.42520
   0.05315,   0.42520
   0.21538,   1.72305
   0.21538,   1.72305
   0.21538,   1.72305
   0.21538,   1.72305
   0.21538,   1.72305
   0.05315,   0.42520
   0.05315,   0.42520
   0.05315,   0.42520
   0.05315,   0.42520
  -0.21384,  -1.71068
  -0.21384,  -1.71068
  -0.21384,  -1.71068
  -0.21384,  -1.71068
  -0.21384,  -1.71068
  -0.21384,  -1.71068
  -0.38448,  -3.07585
  -0.38448,  -3.07585
  -0.38448,  -3.07585
  -0.38448,  -3.07585
   0.05315,   0.42520
   0.05315,   0.42520
   0.05315,   0.42520
   0.05315,   0.42520
   0.05315,   0.42520
   0.37134,   2.97069
   0.37134,   2.97069
   0.37134,   2.97069
   0.37134,   2.97069
   0.58665,   4.69324
   0.58665,   4.69324
   0.58665,   4.69324
   0.58665,   4.69324
   0.58665,   4.69324
   0.58665,   4.69324
   0.37134,   2.97069
   0.37134,   2.97069
   0.37134,   2.97069
   0.37134,   2.97069
   0.54125,   4.33003
   0.54125,   4.33003
   0.54125,   4.33003
   0.54125,   4.33003
  -0.00283,  -0.02266
  -0.00283,  -0.02266
  -0.00283,  -0.02266
  -0.00283,  -0.02266
  -0.00283,  -0.02266
  -2.18663, -17.49307
  -2.18663, -17.49307
  -2.18663, -17.49307
  -2.18663, -17.49307
  -2.18663, -17.49307
   0.58983,   4.71868
   0.58983,   4.71868
   0.58983,   4.71868
   0.58983,   4.71868
   0.58983,   4.71868
   0.95504,   7.64029
   0.95504,   7.64029
   0.95504,   7.64029
   0.95504,   7.64029
   0.95504,   7.64029
   0.95504,   7.64029
  -0.38448,  -3.07585
  -0.38448,  -3.07585
  -0.38448,  -3.07585
   0.58983,   4.71868
   0.58983,   4.71868
   0.58983,   4.71868
   0.58983,   4.71868
   0.58983,   4.71868
   0.15267,   1.22137
   0.15267,   1.22137
   0.15267,   1.22137
   0.15267,   1.22137
   0.15267,   1.22137
   0.95504,   7.64029
   0.95504,   7.64029
   0.95504,   7.64029
   0.95504,   7.64029
   0.95504,   7.64029
   0.58983,   4.71868
   0.58983,   4.71868
   0.58983,   4.71868
   0.58983,   4.71868
   0.37134,   2.97069
   0.37134,   2.97069
   0.37134,   2.97069
   0.37134,   2.97069
   0.37134,   2.97069
  -0.00283,  -0.02266
  -0.00283,  -0.02266
  -0.00283,  -0.02266
  -0.00283,  -0.02266
  -0.00283,  -0.02266
   0.37134,   2.97069
   0.37134,   2.97069
   0.37134,   2.97069
   0.37134,   2.97069
   0.37134,   2.97069
   0.37134,   2.97069
   0.54125,   4.33003
   0.54125,   4.33003
   0.54125,   4.33003
  -0.00283,  -0.02266
  -0.00283,  -0.02266
  -0.00283,  -0.02266
  -0.00283,  -0.02266
  -0.00283,  -0.02266
  -0.00283,  -0.02266
   0.05315,   0.42520
   0.05315,   0.42520
   0.05315,   0.42520
   0.05315,   0.42520
   0.58983,   4.71868
   0.58983,   4.71868
   0.58983,   4.71868
   0.58983,   4.71868
   0.53830,   4.30640
   0.53830,   4.30640
   0.53830,   4.30640
   0.53830,   4.30640
   0.53830,   4.30640
  -0.38448,  -3.07585
  -0.38448,  -3.07585
  -0.38448,  -3.07585
  -0.38448,  -3.07585
  -0.38448,  -3.07585
   1.01938,   8.15507
   1.01938,   8.15507
   1.01938,   8.15507
   1.01938,   8.15507
   1.01938,   8.15507
  -0.38448,  -3.07585
  -0.38448,  -3.07585
  -0.38448,  -3.07585
  -0.38448,  -3.07585
  -0.38448,  -3.07585
   0.36211,   2.89689
   0.36211,   2.89689
   0.36211,   2.89689
   0.36211,   2.89689
   0.36211,   2.89689
  -0.04290,  -0.34319
  -0.04290,  -0.34319
  -0.04290,  -0.34319
  -0.04290,  -0.34319
   0.16128,   1.29022
   0.16128,   1.29022
   0.16128,   1.29022
   0.16128,   1.29022
   0.16128,   1.29022
   0.16128,   1.29022
  -0.00283,  -0.02266
  -0.00283,  -0.02266
  -0.00283,  -0.02266
   0.16128,   1.29022
   0.16128,   1.29022
   0.16128,   1.29022
   0.16128,   1.29022
   0.16128,   1.29022
   0.16128,   1.29022
   0.16128,   1.29022
   0.16128,   1.29022
   0.16128,   1.29022
   0.16128,   1.29022
   0.95504,   7.64029
   0.95504,   7.64029
   0.95504,   7.64029
   0.95504,   7.64029
   0.95504,   7.64029
   0.37134,   2.97069
   0.37134,   2.97069
   0.37134,   2.97069
   0.37134,   2.97069
   0.58983,   4.71868
   0.58983,   4.71868
   0.58983,   4.71868
   0.58983,   4.71868
   0.58983,   4.71868
  -0.04726,  -0.37805
  -0.04726,  -0.37805
  -0.04726,  -0.37805
  -0.04726,  -0.37805
  -0.04726,  -0.37805
  -0.38448,  -3.07585
  -0.38448,  -3.07585
  -0.38448,  -3.07585
  -0.38448,  -3.07585
   0.37134,   2.97069
   0.37134,   2.97069
   0.37134,   2.97069
   0.37134,   2.97069
   0.37134,   2.97069
  -0.38448,  -3.07585
  -0.38448,  -3.07585
  -0.38448,  -3.07585
  -0.38448,  -3.07585
  -0.38448,  -3.07585
  -0.21384,  -1.71068
  -0.21384,  -1.71068
  -0.21384,  -1.71068
  -0.21384,  -1.71068
  -0.21384,  -1.71068
   0.58983,   4.71868
   0.58983,   4.71868
   0.58983,   4.71868
   0.58983,   4.71868
   0.58983,   4.71868
   0.58983,   4.71868
   0.58983,   4.71868
   0.58983,   4.71868
   0.58983,   4.71868
   0.58983,   4.71868
   0.37134,   2.97069
   0.37134,   2.97069
   0.37134,   2.97069
   0.37134,   2.97069
  -0.38448,  -3.07585
  -0.38448,  -3.07585
  -0.38448,  -3.07585
  -0.38448,  -3.07585
   0.37134,   2.97069
   0.37134,   2.97069
   0.37134,   2.97069
   0.37134,   2.97069
   0.37134,   2.97069
  -0.27043,  -2.16341
  -0.27043,  -2.16341
  -0.27043,  -2.16341
  -0.27043,  -2.16341
  -0.27043,  -2.16341
  -2.33379, -18.67034
  -2.33379, -18.67034
  -2.33379, -18.67034
  -2.33379, -18.67034
  -2.33379, -18.67034
  -2.33379, -18.67034
  -2.33379, -18.67034
  -2.33379, -18.67034
   0.54125,   4.33003
   0.54125,   4.33003
   0.54125,   4.33003
   0.54125,   4.33003
   0.54125,   4.33003
   0.54125,   4.33003
  -0.21384,  -1.71068
  -0.21384,  -1.71068
  -0.21384,  -1.71068
  -0.21384,  -1.71068
  -0.21384,  -1.71068
   0.05315,   0.42520
   0.05315,   0.42520
   0.05315,   0.42520
   0.05315,   0.42520
   0.05315,   0.42520
   0.54125,   4.33003
   0.54125,   4.33003
   0.54125,   4.33003
   0.54125,   4.33003
   0.02710,   0.21681
   0.02710,   0.21681
   0.02710,   0.21681
   0.02710,   0.21681
   0.02710,   0.21681
   0.77901,   6.23209
   0.77901,   6.23209
   0.77901,   6.23209
   0.77901,   6.23209
   0.77901,   6.23209
   0.58983,   4.71868
   0.58983,   4.71868
   0.58983,   4.71868
   0.58983,   4.71868
   0.58983,   4.71868
   0.58983,   4.71868
   0.58983,   4.71868
   0.58983,   4.71868
   0.53987,   4.31895
   0.53987,   4.31895
   0.02710,   0.21681
   0.02710,   0.21681
   0.02710,   0.21681
   0.02710,   0.21681
   0.54125,   4.33003
   0.54125,   4.33003
   0.54125,   4.33003
   0.54125,   4.33003
   0.54125,   4.33003
   0.70319,   5.62555
   0.70319,   5.62555
   0.70319,   5.62555
   0.70319,   5.62555
   0.21538,   1.72305
   0.21538,   1.72305
   0.21538,   1.72305
   0.21538,   1.72305
   0.21538,   1.72305
   0.77901,   6.23209
   0.77901,   6.23209
   0.77901,   6.23209
   0.77901,   6.23209
   0.77901,   6.23209
   0.77901,   6.23209
   0.77901,   6.23209
   0.77901,   6.23209
   0.77901,   6.23209
   0.77901,   6.23209
   0.02710,   0.21681
   0.02710,   0.21681
   0.02710,   0.21681
   0.02710,   0.21681
   0.70319,   5.62555
   0.70319,   5.62555
   0.70319,   5.62555
   0.70319,   5.62555
   0.70319,   5.62555
   0.77901,   6.23209
   0.77901,   6.23209
   0.77901,   6.23209
   0.77901,   6.23209
   0.77901,   6.23209
   0.77901,   6.23209
   0.70319,   5.62555
   0.70319,   5.62555
   0.70319,   5.62555
   0.70319,   5.62555
   1.07659,   8.61276
   1.07659,   8.61276
   1.07659,   8.61276
   1.12413,   8.99306
   1.12413,   8.99306
   1.12413,   8.99306
   1.12413,   8.99306
   1.12413,   8.99306
   0.77901,   6.23209
   0.77901,   6.23209
   0.77901,   6.23209
   0.77901,   6.23209
   0.02710,   0.21681
   0.02710,   0.21681
   0.02710,   0.21681
   0.02710,   0.21681
   0.02710,   0.21681
   0.02710,   0.21681
   0.02710,   0.21681
   0.02710,   0.21681
   0.77901,   6.23209
   0.77901,   6.23209
   0.54125,   4.33003
   0.54125,   4.33003
   0.54125,   4.33003
   0.54125,   4.33003
  -0.14103,  -1.12828
  -0.14103,  -1.12828
  -0.14103,  -1.12828
  -0.14103,  -1.12828
  -0.14103,  -1.12828
   0.54125,   4.33003
   0.54125,   4.33003
   0.54125,   4.33003
   0.54125,   4.33003
   0.54125,   4.33003
   0.54125,   4.33003
   0.58983,   4.71868
   0.58983,   4.71868
   0.58983,   4.71868
  -0.27043,  -2.16341
  -0.27043,  -2.16341
  -0.27043,  -2.16341
  -0.27043,  -2.16341
  -0.27043,  -2.16341
  -0.27043,  -2.16341
  -0.27043,  -2.16341
  -0.27043,  -2.16341
  -0.27043,  -2.16341
   0.05315,   0.42520
   0.05315,   0.42520
   0.05315,   0.42520
   0.05315,   0.42520
   0.05315,   0.42520
  -1.99274, -15.94192
  -1.99274, -15.94192
  -1.99274, -15.94192
  -1.99274, -15.94192
  -1.99274, -15.94192
  -1.99274, -15.94192
  -1.99274, -15.94192
  -0.38301,  -3.06407
  -0.38301,  -3.06407
  -3.27608, -26.20866
  -3.27608, -26.20866
  -3.27608, -26.20866
  -3.27608, -26.20866
  -3.27608, -26.20866
  -0.96521,  -7.72170
  -0.96521,  -7.72170
  -0.96521,  -7.72170
  -0.96521,  -7.72170
  -0.96521,  -7.72170
  -1.64668, -13.17344
  -1.64668, -13.17344
  -1.64668, -13.17344
  -1.64668, -13.17344
  -1.64668, -13.17344
  -1.64668, -13.17344
  -1.64668, -13.17344
  -1.64668, -13.17344
  -2.99543, -23.96341
  -3.70113, -29.60906
  -3.70113, -29.60906
  -3.70113, -29.60906
  -3.70113, -29.60906
  -3.70113, -29.60906
  -3.70113, -29.60906
  -4.94500, -39.56001
  -4.94500, -39.56001
  -4.94500, -39.56001
  -4.94500, -39.56001
  -6.63388, -53.07107
  -6.63388, -53.07107
  -6.63388, -53.07107
  -6.63388, -53.07107
  -6.63388, -53.07107
  -7.76153, -62.09221
  -7.76153, -62.09221
  -7.76153, -62.09221
  -7.76153, -62.09221
  -9.02205, -72.17636
  -9.02205, -72.17636
  -9.02205, -72.17636
  -9.02205, -72.17636
  -9.02205, -72.17636
 -11.16723, -89.33781
 -11.16723, -89.33781
 -11.16723, -89.33781
 -11.16723, -89.33781
 -11.16723, -89.33781
 -13.32081,-106.56646
 -13.32081,-106.56646
 -13.32081,-106.56646
 -13.32081,-106.56646
 -15.18566,-121.48528
 -15.18566,-121.48528
 -15.18566,-121.48528
 -15.18566,-121.48528
 -15.18566,-121.48528
 -15.18566,-121.48528
 -15.18566,-121.48528
 -15.18566,-121.48528
 -17.34311,-138.74489
 -17.34311,-138.74489
 -19.31815,-154.54517
 -19.31815,-154.54517
 -19.31815,-154.54517
 -19.31815,-154.54517
 -21.21617,-169.72939
 -21.21617,-169.72939
 -21.21617,-169.72939
 -21.21617,-169.72939
 -21.21617,-169.72939
 -21.21617,-169.72939
 -22.86736,-182.93892
 -22.86736,-182.93892
 -22.86736,-182.93892
 -22.86736,-182.93892
 -24.55654,-196.45230
 -24.55654,-196.45230
 -24.55654,-196.45230
 -24.55654,-196.45230
 -25.77585,-206.20679
 -25.77585,-206.20679
 -25.77585,-206.20679
 -25.77585,-206.20679
 -25.77585,-206.20679
 -27.43069,-219.44550
 -27.43069,-219.44550
 -27.43069,-219.44550
 -27.43069,-219.44550
 -27.43069,-219.44550
 -28.31360,-226.50883
 -28.31360,-226.50883
 -28.31360,-226.50883
 -28.31360,-226.50883
 -28.31360,-226.50883
 -28.89099,-231.12788
 -28.89099,-231.12788
 -28.89099,-231.12788
 -28.89099,-231.12788
 -28.89099,-231.12788
 -28.89099,-231.12788
 -28.89099,-231.12788
 -28.89099,-231.12788
 -28.89099,-231.12788
 -29.15446,-233.23567
 -30.30840,-242.46724
 -30.30840,-242.46724
 -30.30840,-242.46724
 -30.30840,-242.46724
 -30.65441,-245.23528
 -30.65441,-245.23528
 -30.65441,-245.23528
 -30.65441,-245.23528
 -30.65441,-245.23528
 -31.30715,-250.45721
 -31.30715,-250.45721
 -31.30715,-250.45721
 -31.30715,-250.45721
 -31.30715,-250.45721
 -31.30715,-250.45721
 -31.30715,-250.45721
 -31.66063,-253.28502
 -31.66063,-253.28502
 -32.18383,-257.47067
 -32.18383,-257.47067
 -32.18383,-257.47067
 -32.18383,-257.47067
 -32.18383,-257.47067
 -33.37428,-266.99423
 -33.37428,-266.99423
 -33.37428,-266.99423
 -33.37428,-266.99423
 -33.37428,-266.99423
 -34.58025,-276.64203
 -34.58025,-276.64203
 -34.58025,-276.64203
 -34.58025,-276.64203
 -34.58025,-276.64203
 -34.58025,-276.64203
 -36.12765,-289.02121
 -36.12765,-289.02121
 -36.12765,-289.02121
 -36.12765,-289.02121
 -37.21773,-297.74185
 -37.21773,-297.74185
 -37.21773,-297.74185
 -37.21773,-297.74185
 -37.21773,-297.74185
 -37.86348,-302.90787
 -37.86348,-302.90787
 -37.86348,-302.90787
 -38.59611,-308.76889
 -38.59611,-308.76889
 -38.59611,-308.76889
 -38.59611,-308.76889
 -38.59611,-308.76889
 -39.12242,-312.97937
 -39.12242,-312.97937
 -39.12242,-312.97937
 -39.12242,-312.97937
 -39.12242,-312.97937
 -39.12242,-312.97937
 -40.17228,-321.37827
 -40.17228,-321.37827
 -40.17228,-321.37827
 -40.17228,-321.37827
 -41.06609,-328.52869
 -41.06609,-328.52869
 -41.06609,-328.52869
 -41.06609,-328.52869
 -42.03313,-336.26505
 -42.03313,-336.26505
 -42.03313,-336.26505
 -42.03313,-336.26505
 -42.03313,-336.26505
 -42.03313,-336.26505
 -41.96797,-335.74377
 -41.96797,-335.74377
 -41.96797,-335.74377
 -41.96797,-335.74377
 -42.70965,-341.67722
 -42.70965,-341.67722
 -42.70965,-341.67722
 -42.70965,-341.67722
 -42.70965,-341.67722
 -42.70965,-341.67722
 -42.70965,-341.67722
 -42.70965,-341.67722
 -43.77512,-350.20099
 -44.14127,-353.13016
 -44.14127,-353.13016
 -44.14127,-353.13016
 -44.14127,-353.13016
 -44.14127,-353.13016
 -44.14127,-353.13016
 -44.14127,-353.13016
 -44.14127,-353.13016
 -44.14127,-353.13016
 -44.14127,-353.13016
 -44.85646,-358.85165
 -44.85646,-358.85165
 -44.85646,-358.85165
 -44.85646,-358.85165
 -44.85646,-358.85165
 -44.85646,-358.85165
 -44.85646,-358.85165
 -47.02343,-376.18741
 -47.02343,-376.18741
 -47.02343,-376.18741
 -48.07564,-384.60510
 -48.07564,-384.60510
 -48.07564,-384.60510
 -48.07564,-384.60510
 -49.45619,-395.64954
 -49.45619,-395.64954
 -49.45619,-395.64954
 -49.45619,-395.64954
 -49.45619,-395.64954
 -51.10769,-408.86151
 -51.10769,-408.86151
 -51.10769,-408.86151
 -51.10769,-408.86151
 -51.10769,-408.86151
 -51.80626,-414.45010
 -51.80626,-414.45010
 -51.80626,-414.45010
 -51.80626,-414.45010
 -51.80626,-414.45010
 -51.80626,-414.45010
 -51.80626,-414.45010
 -51.80626,-414.45010
 -51.80626,-414.45010
 -51.80626,-414.45010
 -51.80626,-414.45010
 -53.45658,-427.65262
 -53.45658,-427.65262
 -53.45658,-427.65262
 -53.45658,-427.65262
 -54.39772,-435.18179
 -54.39772,-435.18179
 -54.39772,-435.18179
 -54.39772,-435.18179
 -54.53057,-436.24457
 -54.53057,-436.24457
 -54.53057,-436.24457
 -54.53057,-436.24457
 -54.53057,-436.24457
 -54.51345,-436.10760
 -54.51345,-436.10760
 -54.51345,-436.10760
 -54.51345,-436.10760
 -54.51345,-436.10760
 -54.51345,-436.10760
 -55.06145,-440.49161
 -55.06145,-440.49161
 -55.06145,-440.49161
 -54.53057,-436.24457
 -54.53057,-436.24457
 -54.53057,-436.24457
 -54.53057,-436.24457
 -54.53057,-436.24457
 -54.40611,-435.24884
 -54.40611,-435.24884
 -54.40611,-435.24884
 -54.40611,-435.24884
 -53.88843,-431.10742
 -53.88843,-431.10742
 -53.88843,-431.10742
 -53.88843,-431.10742
 -53.88843,-431.10742
 -53.88843,-431.10742
 -53.87920,-431.03357
 -53.87920,-431.03357
 -53.87920,-431.03357
 -53.87920,-431.03357
 -53.87920,-431.03357
 -53.10321,-424.82568
 -53.10321,-424.82568
 -53.10321,-424.82568
 -52.75735,-422.05881
 -52.75735,-422.05881
 -52.75735,-422.05881
 -52.75735,-422.05881
 -52.75735,-422.05881
 -52.82249,-422.57996
 -52.82249,-422.57996
 -52.82249,-422.57996
 -52.82249,-422.57996
 -52.82249,-422.57996
 -52.82249,-422.57996
 -52.82249,-422.57996
 -52.82249,-422.57996
 -52.82249,-422.57996
 -52.82249,-422.57996
 -51.69484,-413.55872
 -51.69484,-413.55872
 -51.69484,-413.55872
 -51.69484,-413.55872
 -50.82848,-406.62787
 -50.82848,-406.62787
 -50.82848,-406.62787
 -50.82848,-406.62787
 -50.82848,-406.62787
 -49.78592,-398.28735
 -49.78592,-398.28735
 -49.78592,-398.28735
 -49.78592,-398.28735
 -49.78592,-398.28735
 -48.70492,-389.63934
 -48.70492,-389.63934
 -48.70492,-389.63934
 -48.70492,-389.63934
 -47.68623,-381.48984
 -47.68623,-381.48984
 -47.68623,-381.48984
 -47.68623,-381.48984
 -47.68623,-381.48984
 -47.68623,-381.48984
 -47.68623,-381.48984
 -44.65553,-357.24426
 -44.65553,-357.24426
 -44.65553,-357.24426
 -44.65553,-357.24426
 -42.29750,-338.38004
 -42.29750,-338.38004
 -42.29750,-338.38004
 -42.29750,-338.38004
 -40.68264,-325.46115
 -40.68264,-325.46115
 -40.68264,-325.46115
 -40.68264,-325.46115
 -39.61241,-316.89929
 -39.61241,-316.89929
 -39.61241,-316.89929
 -39.61241,-316.89929
 -39.61241,-316.89929
 -37.90574,-303.24588
 -37.90574,-303.24588
 -37.90574,-303.24588
 -37.90574,-303.24588
 -37.90574,-303.24588
 -35.79265,-286.34122
 -35.79265,-286.34122
 -35.79265,-286.34122
 -35.79265,-286.34122
 -34.10255,-272.82040
 -34.10255,-272.82040
 -34.10255,-272.82040
 -34.10255,-272.82040
 -34.10255,-272.82040
 -34.10255,-272.82040
 -32.51658,-260.13263
 -32.51658,-260.13263
 -32.51658,-260.13263
 -32.51658,-260.13263
 -30.29174,-242.33395
 -30.29174,-242.33395
 -30.29174,-242.33395
 -30.29174,-242.33395
 -30.29174,-242.33395
 -30.29174,-242.33395
 -30.29174,-242.33395
 -28.06526,-224.52211
 -28.06526,-224.52211
 -25.38460,-203.07681
 -25.38460,-203.07681
 -25.38460,-203.07681
 -25.38460,-203.07681
 -25.38460,-203.07681
 -21.61653,-172.93225
 -21.61653,-172.93225
 -21.61653,-172.93225
 -21.61653,-172.93225
 -21.61653,-172.93225
 -18.76331,-150.10646
 -18.76331,-150.10646
 -18.76331,-150.10646
 -18.76331,-150.10646
 -18.76331,-150.10646
 -15.47751,-123.82006
 -15.47751,-123.82006
 -15.47751,-123.82006
 -15.47751,-123.82006
 -11.72479, -93.79834
 -11.72479, -93.79834
 -11.72479, -93.79834
 -11.72479, -93.79834
 -11.72479, -93.79834
 -11.72479, -93.79834
  -8.56755, -68.54037
  -8.56755, -68.54037
  -8.56755, -68.54037
  -8.56755, -68.54037
  -8.56755, -68.54037
  -8.56755, -68.54037
  -6.02001, -48.16009
  -6.02001, -48.16009
  -6.02001, -48.16009
  -2.31855, -18.54838
  -2.31855, -18.54838
  -2.31855, -18.54838
  -2.31855, -18.54838
  -2.31855, -18.54838
   0.92408,   7.39264
   0.92408,   7.39264
   0.92408,   7.39264
   0.92408,   7.39264
   0.92408,   7.39264
   0.92408,   7.39264
   0.92408,   7.39264
   3.43761,  27.50090
   3.43761,  27.50090
   4.37066,  34.96526
   4.37066,  34.96526
   4.37066,  34.96526
   4.37066,  34.96526
   4.37066,  34.96526
   4.37066,  34.96526
   4.37066,  34.96526
   4.37066,  34.96526
   6.87318,  54.98544
   6.87318,  54.98544
   8.72431,  69.79449
   8.72431,  69.79449
   8.72431,  69.79449
   8.72431,  69.79449
  10.70023,  85.60188
  10.70023,  85.60188
  10.70023,  85.60188
  10.70023,  85.60188
  10.70023,  85.60188
  12.67986, 101.43888
  12.67986, 101.43888
  12.67986, 101.43888
  12.67986, 101.43888
  15.26359, 122.10876
  15.26359, 122.10876
  15.26359, 122.10876
  15.26359, 122.10876
  15.26359, 122.10876
  16.56775, 132.54204
  16.56775, 132.54204
  16.56775, 132.54204
  16.56775, 132.54204
  16.56775, 132.54204
  18.78752, 150.30019
  18.78752, 150.30019
  18.78752, 150.30019
  18.78752, 150.30019
  18.78752, 150.30019
  19.99292, 159.94333
  19.99292, 159.94333
  19.99292, 159.94333
  19.99292, 159.94333
  21.21907, 169.75259
  21.21907, 169.75259
  21.21907, 169.75259
  21.21907, 169.75259
  21.21907, 169.75259
  22.89188, 183.13507
  22.89188, 183.13507
  22.89188, 183.13507
  22.89188, 183.13507
  22.89188, 183.13507
  25.63404, 205.07236
  25.63404, 205.07236
  25.63404, 205.07236
  25.63404, 205.07236
  27.42872, 219.42978
  27.42872, 219.42978
  27.42872, 219.42978
  27.42872, 219.42978
  27.42872, 219.42978
  27.42872, 219.42978
  28.81752, 230.54013
  28.81752, 230.54013
  28.81752, 230.54013
  28.81752, 230.54013
  30.31229, 242.49831
  30.31229, 242.49831
  30.31229, 242.49831
  30.31229, 242.49831
  30.31229, 242.49831
  32.90510, 263.24078
  32.90510, 263.24078
  32.90510, 263.24078
  32.90510, 263.24078
  32.90510, 263.24078
  32.90510, 263.24078
  34.44330, 275.54639
  34.44330, 275.54639
  34.44330, 275.54639
  36.45073, 291.60587
  36.45073, 291.60587
  36.45073, 291.60587
  36.45073, 291.60587
  36.45073, 291.60587
  37.10329, 296.82629
  37.10329, 296.82629
  37.10329, 296.82629
  37.10329, 296.82629
  37.10329, 296.82629
  39.11888, 312.95105
  39.11888, 312.95105
  39.11888, 312.95105
  39.11888, 312.95105
  39.78825, 318.30597
  39.78825, 318.30597
  39.78825, 318.30597
  39.78825, 318.30597
  39.78825, 318.30597
  39.83627, 318.69012
  39.83627, 318.69012
  39.83627, 318.69012
  39.83627, 318.69012
  39.83627, 318.69012
  39.86562, 318.92493
  39.86562, 318.92493
  39.86562, 318.92493
  39.86562, 318.92493
  40.97197, 327.77573
  40.97197, 327.77573
  40.97197, 327.77573
  40.97197, 327.77573
  40.97197, 327.77573
  41.46833, 331.74661
  41.46833, 331.74661
  41.46833, 331.74661
  41.46833, 331.74661
  41.46833, 331.74661
  41.46833, 331.74661
  41.46833, 331.74661
  41.46833, 331.74661
  41.46833, 331.74661
  41.46833, 331.74661
  43.63356, 349.06851
  43.63356, 349.06851
  43.63356, 349.06851
  43.63356, 349.06851
  46.00876, 368.07010
  46.00876, 368.07010
  46.00876, 368.07010
  46.00876, 368.07010
  46.00876, 368.07010
  47.44705, 379.57639
  47.44705, 379.57639
  47.44705, 379.57639
  47.44705, 379.57639
  47.44705, 379.57639
  48.69894, 389.59149
  48.69894, 389.59149
  48.69894, 389.59149
  48.69894, 389.59149
  48.69894, 389.59149
  49.56014, 396.48111
  49.56014, 396.48111
  49.56014, 396.48111
  49.56014, 396.48111
  52.17396, 417.39166
  52.17396, 417.39166
  52.17396, 417.39166
  52.17396, 417.39166
  52.17396, 417.39166
  53.82494, 430.59955
  53.82494, 430.59955
  53.82494, 430.59955
  53.82494, 430.59955
  53.82494, 430.59955
  56.14697, 449.17575
  56.14697, 449.17575
  56.14697, 449.17575
  56.14697, 449.17575
  56.14697, 449.17575
  56.14697, 449.17575
  57.17403, 457.39227
  57.17403, 457.39227
  57.17403, 457.39227
  57.17403, 457.39227
  57.17403, 457.39227
  57.17403, 457.39227
  57.17403, 457.39227
  57.17403, 457.39227
  57.17403, 457.39227
  58.35003, 466.80023
  58.35003, 466.80023
  58.35003, 466.80023
  58.35003, 466.80023
  58.98265, 471.86121
  58.98265, 471.86121
  58.98265, 471.86121
  58.98265, 471.86121
  58.98265, 471.86121
  59.72173, 477.77380
  59.72173, 477.77380
  59.72173, 477.77380
  59.72173, 477.77380
  59.73028, 477.84222
  59.73028, 477.84222
  59.73028, 477.84222
  59.73028, 477.84222
  59.73028, 477.84222
  59.89021, 479.12167
  59.89021, 479.12167
  59.89021, 479.12167
  59.89021, 479.12167
  59.89021, 479.12167
  59.61388, 476.91107
  59.61388, 476.91107
  59.61388, 476.91107
  59.61388, 476.91107
  60.06849, 480.54791
  60.06849, 480.54791
  60.06849, 480.54791
  60.06849, 480.54791
  60.06849, 480.54791
  60.06849, 480.54791
  59.99849, 479.98795
  59.99849, 479.98795
  59.99849, 479.98795
  59.99849, 479.98795
  59.88406, 479.07245
  59.88406, 479.07245
  59.88406, 479.07245
  59.88406, 479.07245
  59.88406, 479.07245
  58.94897, 471.59177
  58.94897, 471.59177
  58.94897, 471.59177
  58.94897, 471.59177
  58.54495, 468.35959
  58.54495, 468.35959
  58.54495, 468.35959
  58.54495, 468.35959
  58.54495, 468.35959
  58.41933, 467.35461
  58.41933, 467.35461
  58.41933, 467.35461
  58.41933, 467.35461
  58.41933, 467.35461
  58.84766, 470.78125
  58.84766, 470.78125
  58.84766, 470.78125
  58.84766, 470.78125
  58.55924, 468.47394
  58.55924, 468.47394
  58.55924, 468.47394
  58.55924, 468.47394
  58.55924, 468.47394
  58.41926, 467.35410
  58.41926, 467.35410
  58.41926, 467.35410
  58.41926, 467.35410
  58.41926, 467.35410
  58.26671, 466.13370
  58.26671, 466.13370
  58.26671, 466.13370
  58.26671, 466.13370
  58.26671, 466.13370
  58.26671, 466.13370
  58.26671, 466.13370
  58.26671, 466.13370
  58.26671, 466.13370
  58.26671, 466.13370
  57.04295, 456.34363
  57.04295, 456.34363
  57.04295, 456.34363
  57.04295, 456.34363
  57.04295, 456.34363
  55.89898, 447.19186
  55.89898, 447.19186
  55.89898, 447.19186
  55.89898, 447.19186
  54.78947, 438.31580
  54.78947, 438.31580
  54.78947, 438.31580
  54.78947, 438.31580
  51.73903, 413.91220
  51.73903, 413.91220
  51.73903, 413.91220
  51.73903, 413.91220
  51.73903, 413.91220
  51.73903, 413.91220
  50.20741, 401.65924
  50.20741, 401.65924
  50.20741, 401.65924
  50.20741, 401.65924
  50.20741, 401.65924
  50.20741, 401.65924
  50.20741, 401.65924
  43.32223, 346.57785
  43.32223, 346.57785
  39.24164, 313.93311
  39.24164, 313.93311
  39.24164, 313.93311
  39.24164, 313.93311
  36.39843, 291.18744
  36.39843, 291.18744
  36.39843, 291.18744
  36.39843, 291.18744
  36.39843, 291.18744
  36.39843, 291.18744
  33.24339, 265.94708
  33.24339, 265.94708
  33.24339, 265.94708
  33.24339, 265.94708
  33.24339, 265.94708
  26.86020, 214.88161
  26.86020, 214.88161
  26.86020, 214.88161
  26.86020, 214.88161
  24.27031, 194.16245
  24.27031, 194.16245
  24.27031, 194.16245
  24.27031, 194.16245
  21.08409, 168.67270
  21.08409, 168.67270
  21.08409, 168.67270
  21.08409, 168.67270
  21.08409, 168.67270
  21.08409, 168.67270
  17.76885, 142.15079
  17.76885, 142.15079
  17.76885, 142.15079
  17.76885, 142.15079
  12.59851, 100.78810
  12.59851, 100.78810
  12.59851, 100.78810
  12.59851, 100.78810
   8.11477,  64.91820
   8.11477,  64.91820
   8.11477,  64.91820
   8.11477,  64.91820
   8.11477,  64.91820
   5.53461,  44.27692
   5.53461,  44.27692
   5.53461,  44.27692
   5.53461,  44.27692
   5.53461,  44.27692
   3.46999,  27.75994
   3.46999,  27.75994
   3.46999,  27.75994
   3.46999,  27.75994
   1.05116,   8.40930
   1.05116,   8.40930
   1.05116,   8.40930
   1.05116,   8.40930
   1.05116,   8.40930
   1.05116,   8.40930
  -1.54105, -12.32837
  -1.54105, -12.32837
  -1.54105, -12.32837
  -1.54105, -12.32837
  -2.99559, -23.96475
  -2.99559, -23.96475
  -2.99559, -23.96475
  -2.99559, -23.96475
  -2.99559, -23.96475
  -2.99559, -23.96475
  -2.99559, -23.96475
  -4.93580, -39.48642
  -4.93580, -39.48642
  -4.93580, -39.48642
  -3.29390, -26.35120
  -3.29390, -26.35120
  -3.29390, -26.35120
  -3.29390, -26.35120
  -3.29390, -26.35120
  -4.55764, -36.46115
  -4.55764, -36.46115
  -4.55764, -36.46115
  -4.55764, -36.46115
  -3.29390, -26.35120
  -3.29390, -26.35120
  -3.29390, -26.35120
  -3.29390, -26.35120
  -3.29390, -26.35120
  -3.88795, -31.10364
  -3.88795, -31.10364
  -3.88795, -31.10364
  -3.88795, -31.10364
  -3.29390, -26.35120
  -3.29390, -26.35120
  -3.29390, -26.35120
  -3.29390, -26.35120
  -3.29390, -26.35120
  -3.81837, -30.54696
  -3.81837, -30.54696
  -3.81837, -30.54696
  -3.81837, -30.54696
  -3.81837, -30.54696
  -3.07339, -24.58711
  -3.07339, -24.58711
  -3.07339, -24.58711
  -3.07339, -24.58711
  -3.07339, -24.58711
  -2.54222, -20.33775
  -2.54222, -20.33775
  -2.54222, -20.33775
  -2.54222, -20.33775
  -2.16149, -17.29192
  -2.16149, -17.29192
  -2.16149, -17.29192
  -2.16149, -17.29192
  -2.16149, -17.29192
  -2.54222, -20.33775
  -2.54222, -20.33775
  -2.54222, -20.33775
  -2.54222, -20.33775
  -2.54222, -20.33775
  -2.54222, -20.33775
  -2.54222, -20.33775
  -2.54222, -20.33775
  -2.54222, -20.33775
  -2.54222, -20.33775
  -2.54222, -20.33775
  -2.54222, -20.33775
  -2.54222, -20.33775
  -2.54222, -20.33775
  -2.37317, -18.98534
  -2.37317, -18.98534
  -2.37317, -18.98534
  -2.37317, -18.98534
  -2.37317, -18.98534
  -1.74306, -13.94445
  -1.74306, -13.94445
  -1.74306, -13.94445
  -1.74306, -13.94445
  -1.74306, -13.94445
  -1.41460, -11.31678
  -1.41460, -11.31678
  -1.41460, -11.31678
  -1.41460, -11.31678
  -1.41460, -11.31678
  -2.38917, -19.11338
  -2.38917, -19.11338
  -2.38917, -19.11338
  -2.38917, -19.11338
  -2.38917, -19.11338
  -2.38917, -19.11338
  -2.38917, -19.11338
  -2.38917, -19.11338
  -2.38917, -19.11338
  -1.40019, -11.20151
  -1.40019, -11.20151
  -1.40019, -11.20151
  -1.40019, -11.20151
  -1.40019, -11.20151
  -2.38917, -19.11338
  -2.38917, -19.11338
  -2.38917, -19.11338
  -2.38917, -19.11338
  -2.38917, -19.11338
  -3.07960, -24.63683
  -3.07960, -24.63683
  -3.07960, -24.63683
  -3.07960, -24.63683
  -3.07960, -24.63683
  -3.07960, -24.63683
  -3.68986, -29.51891
  -3.68986, -29.51891
  -3.68986, -29.51891
  -3.68986, -29.51891
  -3.68986, -29.51891
  -3.68986, -29.51891
  -3.68986, -29.51891
  -3.68986, -29.51891
  -3.68986, -29.51891
  -1.37627, -11.01016
  -1.37627, -11.01016
  -1.37627, -11.01016
  -1.37627, -11.01016
  -1.37627, -11.01016
  -1.37627, -11.01016
  -1.37627, -11.01016
  -1.37627, -11.01016
  -0.64976,  -5.19805
  -0.64976,  -5.19805
  -0.64976,  -5.19805
  -0.64976,  -5.19805
  -0.64976,  -5.19805
  -0.62675,  -5.01397
  -0.62675,  -5.01397
  -0.62675,  -5.01397
  -0.62675,  -5.01397
  -0.62675,  -5.01397
  -0.62675,  -5.01397
  -0.62675,  -5.01397
  -0.62675,  -5.01397
  -0.62675,  -5.01397
  -0.81162,  -6.49295
  -0.81162,  -6.49295
  -0.81162,  -6.49295
  -0.81162,  -6.49295
  -0.81162,  -6.49295
  -0.47725,  -3.81800
  -0.47725,  -3.81800
  -0.47725,  -3.81800
  -0.47725,  -3.81800
  -0.47725,  -3.81800
  -0.47725,  -3.81800
  -0.47725,  -3.81800
  -0.47725,  -3.81800
  -0.47725,  -3.81800
  -0.71622,  -5.72975
  -0.71622,  -5.72975
  -0.71622,  -5.72975
  -0.71622,  -5.72975
  -0.71622,  -5.72975
  -0.47725,  -3.81800
  -0.47725,  -3.81800
  -0.47725,  -3.81800
  -0.47725,  -3.81800
  -0.03184,  -0.25469
  -0.03184,  -0.25469
  -0.03184,  -0.25469
  -0.03184,  -0.25469
  -0.03184,  -0.25469
  -0.03184,  -0.25469
  -0.78420,  -6.27357
  -0.78420,  -6.27357
  -0.78420,  -6.27357
  -0.78420,  -6.27357
  -0.24047,  -1.92380
  -0.24047,  -1.92380
  -0.24047,  -1.92380
  -0.24047,  -1.92380
  -0.24047,  -1.92380
  -0.98390,  -7.87121
  -0.98390,  -7.87121
  -0.98390,  -7.87121
  -0.98390,  -7.87121
  -1.49498, -11.95981
  -1.49498, -11.95981
  -1.49498, -11.95981
  -1.49498, -11.95981
  -1.49498, -11.95981
  -1.22121,  -9.76965
  -1.22121,  -9.76965
  -1.22121,  -9.76965
  -1.22121,  -9.76965
  -0.62462,  -4.99692
  -0.62462,  -4.99692
  -0.62462,  -4.99692
  -0.62462,  -4.99692
  -0.62462,  -4.99692
  -0.78396,  -6.27167
  -0.78396,  -6.27167
  -0.78396,  -6.27167
  -0.78396,  -6.27167
  -0.78396,  -6.27167
  -1.22121,  -9.76965
  -1.22121,  -9.76965
  -1.22121,  -9.76965
  -1.22121,  -9.76965
  -1.22121,  -9.76965
  -0.64471,  -5.15770
  -0.64471,  -5.15770
  -0.64471,  -5.15770
  -0.64471,  -5.15770
  -0.64471,  -5.15770
  -0.64471,  -5.15770
  -0.64471,  -5.15770
  -0.64471,  -5.15770
  -0.64471,  -5.15770
  -0.47434,  -3.79473
  -0.47434,  -3.79473
  -0.47434,  -3.79473
  -0.47434,  -3.79473
  -0.47434,  -3.79473
  -0.78396,  -6.27167
  -0.78396,  -6.27167
  -0.78396,  -6.27167
  -0.78396,  -6.27167
  -1.59831, -12.78647
  -1.59831, -12.78647
  -1.59831, -12.78647
  -1.59831, -12.78647
  -1.59831, -12.78647
  -1.59831, -12.78647
  -1.59831, -12.78647
  -1.59831, -12.78647
  -1.59831, -12.78647
  -0.47434,  -3.79473
  -0.47434,  -3.79473
  -0.47434,  -3.79473
  -0.47434,  -3.79473
  -0.47434,  -3.79473
  -1.10928,  -8.87426
  -1.10928,  -8.87426
  -1.10928,  -8.87426
  -1.10928,  -8.87426
  -1.10928,  -8.87426
  -0.88108,  -7.04864
  -0.88108,  -7.04864
  -0.88108,  -7.04864
  -0.88108,  -7.04864
  -0.88108,  -7.04864
  -0.81442,  -6.51536
  -0.81442,  -6.51536
  -0.81442,  -6.51536
  -0.81442,  -6.51536
  -0.88108,  -7.04864
  -0.88108,  -7.04864
  -0.88108,  -7.04864
  -0.88108,  -7.04864
  -0.88108,  -7.04864
  -0.47143,  -3.77141
  -0.47143,  -3.77141
  -0.47143,  -3.77141
  -0.47143,  -3.77141
  -0.62248,  -4.97982
  -0.62248,  -4.97982
  -0.62248,  -4.97982
  -0.62248,  -4.97982
  -0.62248,  -4.97982
  -0.62248,  -4.97982
  -0.62248,  -4.97982
  -0.62248,  -4.97982
  -0.62248,  -4.97982
  -0.62248,  -4.97982
  -0.62248,  -4.97982
  -1.02710,  -8.21682
  -1.02710,  -8.21682
  -1.02710,  -8.21682
  -0.62248,  -4.97982
  -0.62248,  -4.97982
  -0.62248,  -4.97982
  -0.62248,  -4.97982
  -0.62248,  -4.97982
  -0.47143,  -3.77141
  -0.47143,  -3.77141
  -0.47143,  -3.77141
  -0.47143,  -3.77141
  -1.58682, -12.69452
  -1.58682, -12.69452
  -1.58682, -12.69452
  -1.58682, -12.69452
  -1.58682, -12.69452
  -0.47143,  -3.77141
  -0.47143,  -3.77141
  -0.47143,  -3.77141
  -0.47143,  -3.77141
  -0.47143,  -3.77141
  -1.58682, -12.69452
  -1.58682, -12.69452
  -1.58682, -12.69452
  -1.58682, -12.69452
  -1.58682, -12.69452
  -1.21343,  -9.70745
  -1.21343,  -9.70745
  -1.21343,  -9.70745
  -1.21343,  -9.70745
  -1.21343,  -9.70745
  -1.21343,  -9.70745
  -1.10616,  -8.84932
  -1.10616,  -8.84932
  -1.10616,  -8.84932
  -1.10616,  -8.84932
  -1.10616,  -8.84932
  -1.10616,  -8.84932
  -1.10616,  -8.84932
  -1.10616,  -8.84932
  -1.02482,  -8.19856
  -1.02482,  -8.19856
  -1.02482,  -8.19856
  -1.02482,  -8.19856
  -1.02482,  -8.19856
  -1.21343,  -9.70745
  -1.21343,  -9.70745
  -1.21343,  -9.70745
  -1.21343,  -9.70745
  -1.72738, -13.81901
  -1.72738, -13.81901
  -1.72738, -13.81901
  -1.72738, -13.81901
  -1.72738, -13.81901
  -1.77814, -14.22509
  -1.77814, -14.22509
  -1.77814, -14.22509
  -1.77814, -14.22509
  -1.77814, -14.22509
  -1.77814, -14.22509
  -1.77814, -14.22509
  -1.77814, -14.22509
  -3.77255, -30.18042
  -2.86390, -22.91119
  -2.86390, -22.91119
  -2.86390, -22.91119
  -2.86390, -22.91119
  -2.86390, -22.91119
  -5.06113, -40.48901
  -5.06113, -40.48901
  -5.06113, -40.48901
  -5.06113, -40.48901
  -5.06113, -40.48901
  -8.15591, -65.24727
  -8.15591, -65.24727
  -8.15591, -65.24727
  -8.15591, -65.24727
  -8.15591, -65.24727
  -8.15591, -65.24727
  -8.15591, -65.24727
  -8.15591, -65.24727
 -11.10261, -88.82085
 -17.49467,-139.95737
 -17.49467,-139.95737
 -17.49467,-139.95737
 -17.49467,-139.95737
 -17.49467,-139.95737
 -17.49467,-139.95737
 -25.66371,-205.30966
 -25.66371,-205.30966
 -25.66371,-205.30966
 -32.40204,-259.21631
 -32.40204,-259.21631
 -32.40204,-259.21631
 -32.40204,-259.21631
 -32.40204,-259.21631
 -38.34684,-306.77472
 -38.34684,-306.77472
 -38.34684,-306.77472
 -38.34684,-306.77472
 -38.34684,-306.77472
 -45.86725,-366.93802
 -45.86725,-366.93802
 -45.86725,-366.93802
 -45.86725,-366.93802
 -45.86725,-366.93802
 -49.84941,-398.79529
 -49.84941,-398.79529
 -49.84941,-398.79529
 -49.84941,-398.79529
 -52.59171,-420.73364
 -52.59171,-420.73364
 -52.59171,-420.73364
 -52.59171,-420.73364
 -52.59171,-420.73364
 -56.37568,-451.00543
 -56.37568,-451.00543
 -56.37568,-451.00543
 -56.37568,-451.00543
 -56.37568,-451.00543
 -56.38248,-451.05988
 -56.38248,-451.05988
 -56.38248,-451.05988
 -56.38248,-451.05988
 -54.63432,-437.07452
 -54.63432,-437.07452
 -54.63432,-437.07452
 -54.63432,-437.07452
 -54.63432,-437.07452
   0.00000,   0.00000
   0.00000,   0.00000
   0.00000,   0.00000
   0.00000,   0.00000
   0.00000,   0.00000
   0.00000,   0.00000
   0.00000,   0.00000
   0.00000,   0.00000
   0.00000,   0.00000
   0.00000,   0.00000
   0.00000,   0.00000
   0.00000,   0.00000
   0.00000,   0.00000
   0.00000,   0.00000
   0.00000,   0.00000
   0.00000,   0.00000
   0.00000,   0.00000
   0.00000,   0.00000
   0.00000,   0.00000
   0.00000,   0.00000
   0.00000,   0.00000
   0.00000,   0.00000
   0.00000,   0.00000
   0.00000,   0.00000
   0.00000,   0.00000
   0.00000,   0.00000
   0.00000,   0.00000
   0.00000,   0.00000
   0.00000,   0.00000
 -19.34420,-154.75363
 -19.34420,-154.75363
 -19.34420,-154.75363
 -19.34420,-154.75363
   0.00000,   0.00000
   0.00000,   0.00000
   0.00000,   0.00000
   0.00000,   0.00000
   0.00000,   0.00000
  -5.08191, -40.65526
  -5.08191, -40.65526
  -5.08191, -40.65526
  -5.08191, -40.65526
  -5.08191, -40.65526
  -3.80880, -30.47044
  -3.80880, -30.47044
  -3.80880, -30.47044
  -3.80880, -30.47044
  -3.80880, -30.47044
  -3.60309, -28.82473
  -3.60309, -28.82473
  -3.60309, -28.82473
  -3.60309, -28.82473
  -3.60309, -28.82473
  -3.51819, -28.14550
  -3.51819, -28.14550
  -3.51819, -28.14550
  -3.51819, -28.14550
  -3.79802, -30.38417
  -3.79802, -30.38417
  -3.79802, -30.38417
  -3.79802, -30.38417
  -3.79802, -30.38417
  -3.51819, -28.14550
  -3.51819, -28.14550
  -3.51819, -28.14550
  -3.51819, -28.14550
  -3.51819, -28.14550
  -3.51819, -28.14550
  -3.51819, -28.14550
  -3.51819, -28.14550
  -3.51819, -28.14550
  -3.42134, -27.37071
  -3.42134, -27.37071
  -3.42134, -27.37071
  -3.42134, -27.37071
  -3.42134, -27.37071
  -2.75833, -22.06666
  -2.75833, -22.06666
  -2.75833, -22.06666
  -2.75833, -22.06666
  -2.75833, -22.06666
  -1.71811, -13.74490
  -1.71811, -13.74490
  -1.71811, -13.74490
  -1.71811, -13.74490
  -1.71811, -13.74490
  -1.71811, -13.74490
  -2.25225, -18.01798
  -2.25225, -18.01798
  -2.25225, -18.01798
  -2.25225, -18.01798
  -1.91316, -15.30528
  -1.91316, -15.30528
  -1.91316, -15.30528
  -1.91316, -15.30528
  -1.17295,  -9.38363
  -1.17295,  -9.38363
  -1.17295,  -9.38363
  -1.17295,  -9.38363
  -1.17295,  -9.38363
  -0.50610,  -4.04880
  -0.50610,  -4.04880
  -0.50610,  -4.04880
  -0.50610,  -4.04880
  -0.12776,  -1.02211
  -0.12776,  -1.02211
  -0.12776,  -1.02211
  -0.12776,  -1.02211
  -0.12776,  -1.02211
  -0.12776,  -1.02211
   0.01462,   0.11696
   0.01462,   0.11696
   0.01462,   0.11696
   0.01462,   0.11696
  -0.00706,  -0.05648
  -0.00706,  -0.05648
  -0.00706,  -0.05648
  -0.00706,  -0.05648
   0.30706,   2.45646
   0.30706,   2.45646
   0.30706,   2.45646
   0.30706,   2.45646
   0.30706,   2.45646
   0.70788,   5.66302
   0.70788,   5.66302
   0.70788,   5.66302
   0.70788,   5.66302
   0.70788,   5.66302
   0.04046,   0.32372
   0.04046,   0.32372
   0.04046,   0.32372
   0.04046,   0.32372
   0.04046,   0.32372
   0.52879,   4.23029
   0.52879,   4.23029
   0.52879,   4.23029
   0.52879,   4.23029
   0.52879,   4.23029
   0.81282,   6.50253
   0.81282,   6.50253
   0.81282,   6.50253
   0.81282,   6.50253
   0.70466,   5.63732
   0.70466,   5.63732
   0.70466,   5.63732
   0.70466,   5.63732
   0.70466,   5.63732
   0.13420,   1.07358
   0.13420,   1.07358
   0.13420,   1.07358
   0.13420,   1.07358
   0.13420,   1.07358
   0.58462,   4.67697
   0.58462,   4.67697
   0.58462,   4.67697
   0.58462,   4.67697
  -1.69089, -13.52712
  -1.69089, -13.52712
  -1.69089, -13.52712
  -1.69089, -13.52712
  -2.23002, -17.84014
  -2.23002, -17.84014
  -2.23002, -17.84014
  -2.23002, -17.84014
  -2.23002, -17.84014
  -2.23002, -17.84014
  -3.49250, -27.94002
  -3.49250, -27.94002
  -3.49250, -27.94002
  -3.49250, -27.94002
   0.00000,   0.00000
   0.00000,   0.00000
   0.00000,   0.00000
   0.00000,   0.00000
   0.00000,   0.00000
   0.00000,   0.00000
   0.00000,   0.00000
   0.00000,   0.00000
   0.00000,   0.00000
   0.00000,   0.00000
   0.00000,   0.00000
   0.00000,   0.00000
   0.00000,   0.00000
   0.00000,   0.00000
   0.00000,   0.00000
   0.00000,   0.00000
   0.00000,   0.00000
   0.00000,   0.00000
   0.00000,   0.00000
   0.00000,   0.00000
   0.00000,   0.00000
   0.00000,   0.00000
   0.00000,   0.00000
   0.00000,   0.00000
   0.00000,   0.00000
   0.00000,   0.00000
   0.00000,   0.00000
   0.00000,   0.00000
   0.00000,   0.00000
   0.00000,   0.00000
   0.00000,   0.00000
   0.00000,   0.00000
   0.00000,   0.00000
   0.00000,   0.00000
   0.00000,   0.00000
   0.00000,   0.00000
   0.00000,   0.00000
   0.00000,   0.00000
   0.00000,   0.00000
   0.00000,   0.00000
   0.00000,   0.00000
   0.00000,   0.00000
   0.00000,   0.00000
   0.00000,   0.00000
   0.00000,   0.00000
   0.00000,   0.00000
   0.00000,   0.00000
   0.00000,   0.00000
   0.00000,   0.00000
   0.00000,   0.00000
   0.00000,   0.00000
   0.00000,   0.00000
   0.00000,   0.00000
   0.00000,   0.00000
   0.00000,   0.00000
   0.00000,   0.00000
   0.00000,   0.00000
   0.00000,   0.00000
   0.00000,   0.00000
   0.00000,   0.00000
   0.00000,   0.00000
   0.00000,   0.00000
   9.08779,  72.70229
   9.08779,  72.70229
   9.08779,  72.70229
   9.08779,  72.70229
   0.00000,   0.00000
   0.00000,   0.00000
   0.00000,   0.00000
   0.00000,   0.00000
   0.00000,   0.00000
   0.00000,   0.00000
   0.00000,   0.00000
   0.00000,   0.00000
   0.00000,   0.00000
   0.00000,   0.00000
   0.00000,   0.00000
   0.00000,   0.00000
   0.00000,   0.00000
   0.00000,   0.00000
   0.50728,   4.05827
   0.50728,   4.05827
   0.50728,   4.05827
   0.50728,   4.05827
   0.50728,   4.05827
  -0.36664,  -2.93312
  -0.36664,  -2.93312
  -0.36664,  -2.93312
  -0.36664,  -2.93312
  -0.36664,  -2.93312
   0.00000,   0.00000
   0.00000,   0.00000
   0.00000,   0.00000
   0.00000,   0.00000
   0.00000,   0.00000
   0.00000,   0.00000
   0.00000,   0.00000
   0.00000,   0.00000
   0.00000,   0.00000
   0.00000,   0.00000
   0.00000,   0.00000
   0.00000,   0.00000
   0.00000,   0.00000
   0.00000,   0.00000
   0.00000,   0.00000
   0.00000,   0.00000
   0.00000,   0.00000
   0.00000,   0.00000
   0.00000,   0.00000
   0.00000,   0.00000
   0.00000,   0.00000
   0.00000,   0.00000
   0.00000,   0.00000
   0.00000,   0.00000
   0.00000,   0.00000
   0.00000,   0.00000
   0.00000,   0.00000
   0.00000,   0.00000
   0.00000,   0.00000
   0.00000,   0.00000
   0.00000,   0.00000
   0.00000,   0.00000
   0.00000,   0.00000
   0.00000,   0.00000
   0.00000,   0.00000
   0.00000,   0.00000
   0.00000,   0.00000
   0.00000,   0.00000
   0.00000,   0.00000
   0.00000,   0.00000
   0.00000,   0.00000
   0.00000,   0.00000
   0.00000,   0.00000
   0.00000,   0.00000
   0.00000,   0.00000
   0.00000,   0.00000
   0.00000,   0.00000
   0.00000,   0.00000
   0.00000,   0.00000
   0.00000,   0.00000
   0.00000,   0.00000
   0.00000,   0.00000
   0.00000,   0.00000
   0.00000,   0.00000
   0.00000,   0.00000
   0.00000,   0.00000
   0.00000,   0.00000
  -7.56541, -60.52330
  -7.56541, -60.52330
  -7.56541, -60.52330
  -7.56541, -60.52330
  -9.69500, -77.56001
  -9.69500, -77.56001
  -9.69500, -77.56001
  -9.69500, -77.56001
  -9.69500, -77.56001
  -9.69500, -77.56001
  -9.69500, -77.56001
  -9.69500, -77.56001
  -9.69500, -77.56001
  -9.69500, -77.56001
  -9.97332, -79.78658
  -9.97332, -79.78658
  -9.97332, -79.78658
  -9.97332, -79.78658
  -9.49706, -75.97646
  -9.49706, -75.97646
  -9.49706, -75.97646
  -9.49706, -75.97646
  -9.49706, -75.97646
  -8.45559, -67.64469
  -8.45559, -67.64469
  -8.45559, -67.64469
  -8.45559, -67.64469
  -8.45559, -67.64469
  -7.47333, -59.78666
  -7.47333, -59.78666
  -7.47333, -59.78666
  -7.47333, -59.78666
  -7.47333, -59.78666
  -6.28014, -50.24110
  -6.28014, -50.24110
  -6.28014, -50.24110
  -6.28014, -50.24110
  -5.32372, -42.58977
  -5.32372, -42.58977
  -5.32372, -42.58977
  -5.32372, -42.58977
  -5.32372, -42.58977
  -4.34876, -34.79009
  -4.34876, -34.79009
  -4.34876, -34.79009
  -4.34876, -34.79009
  -4.34876, -34.79009
  -3.47618, -27.80942
  -3.47618, -27.80942
  -3.47618, -27.80942
  -3.47618, -27.80942
  -3.47618, -27.80942
  -3.11223, -24.89788
  -3.11223, -24.89788
  -3.11223, -24.89788
  -3.11223, -24.89788
  -3.11223, -24.89788
  -3.11223, -24.89788
  -3.11223, -24.89788
  -3.11223, -24.89788
  -3.11223, -24.89788
  -3.39692, -27.17537
  -3.39692, -27.17537
  -3.39692, -27.17537
  -3.39692, -27.17537
  -3.39692, -27.17537
  -2.88315, -23.06517
  -2.88315, -23.06517
  -2.88315, -23.06517
  -2.88315, -23.06517
  -2.88315, -23.06517
  -2.92694, -23.41548
  -2.92694, -23.41548
  -2.92694, -23.41548
  -2.92694, -23.41548
  -2.92542, -23.40334
  -2.92542, -23.40334
  -2.92542, -23.40334
  -2.92542, -23.40334
  -2.92542, -23.40334
  -2.73185, -21.85481
  -2.73185, -21.85481
  -2.73185, -21.85481
  -2.73185, -21.85481
  -2.73185, -21.85481
  -2.73185, -21.85481
  -2.92694, -23.41548
  -2.92694, -23.41548
  -2.92694, -23.41548
  -3.11320, -24.90559
  -3.11320, -24.90559
  -3.11320, -24.90559
  -3.11320, -24.90559
  -3.11320, -24.90559
  -2.92542, -23.40334
  -2.92542, -23.40334
  -2.92542, -23.40334
  -2.92542, -23.40334
  -2.92542, -23.40334
  -3.41185, -27.29478
  -3.41185, -27.29478
  -3.41185, -27.29478
  -3.41185, -27.29478
  -2.92542, -23.40334
  -2.92542, -23.40334
  -2.92542, -23.40334
  -2.92542, -23.40334
  -2.92542, -23.40334
  -2.72091, -21.76724
  -2.72091, -21.76724
  -2.72091, -21.76724
  -2.72091, -21.76724
  -2.72091, -21.76724
  -2.18023, -17.44180
  -2.18023, -17.44180
  -2.18023, -17.44180
  -2.18023, -17.44180
  -2.18023, -17.44180
  -3.35896, -26.87167
  -3.35896, -26.87167
  -3.35896, -26.87167
  -3.35896, -26.87167
  -2.92542, -23.40334
  -2.92542, -23.40334
  -2.92542, -23.40334
  -2.92542, -23.40334
  -2.92542, -23.40334
  -2.92542, -23.40334
  -1.76018, -14.08144
  -1.76018, -14.08144
  -1.76018, -14.08144
  -1.76018, -14.08144
  -1.76018, -14.08144
  -1.76018, -14.08144
  -1.76018, -14.08144
  -1.76018, -14.08144
  -1.76018, -14.08144
  -1.76018, -14.08144
  -4.05833, -32.46662
  -4.05833, -32.46662
  -4.05833, -32.46662
  -4.05833, -32.46662
  -4.05833, -32.46662
  -3.35896, -26.87167
  -3.35896, -26.87167
  -3.35896, -26.87167
  -3.35896, -26.87167
  -2.18023, -17.44180
  -2.18023, -17.44180
  -2.18023, -17.44180
  -2.18023, -17.44180
  -2.18023, -17.44180
  -2.72467, -21.79738
  -2.72467, -21.79738
  -2.72467, -21.79738
  -2.72467, -21.79738
  -2.72467, -21.79738
  -2.72467, -21.79738
  -2.72467, -21.79738
  -2.72467, -21.79738
  -2.72467, -21.79738
  -0.86373,  -6.90984
   0.02820,   0.22563
   0.02820,   0.22563
   0.02820,   0.22563
   4.85110,  38.80878
   4.85110,  38.80878
   4.85110,  38.80878
   4.85110,  38.80878
   4.85110,  38.80878
   5.04769,  40.38155
   5.04769,  40.38155
   5.04769,  40.38155
   5.04769,  40.38155
   5.04769,  40.38155
   5.04769,  40.38155
   5.04769,  40.38155
   5.04769,  40.38155
   5.04769,  40.38155
  13.82624, 110.60989
  18.03589, 144.28712
  18.03589, 144.28712
  18.03589, 144.28712
  18.03589, 144.28712
  18.03589, 144.28712
  23.11558, 184.92464
  23.11558, 184.92464
  23.11558, 184.92464
  23.11558, 184.92464
  25.48616, 203.88925
  25.48616, 203.88925
  25.48616, 203.88925
  25.48616, 203.88925
  25.48616, 203.88925
  24.10048, 192.80382
  24.10048, 192.80382
  24.10048, 192.80382
  24.10048, 192.80382
  24.10048, 192.80382
  27.52785, 220.22278
  27.52785, 220.22278
  27.52785, 220.22278
  27.52785, 220.22278
  25.12415, 200.99323
  25.12415, 200.99323
  25.12415, 200.99323
  25.12415, 200.99323
  25.12415, 200.99323
  22.33574, 178.68593
  22.33574, 178.68593
  22.33574, 178.68593
  22.33574, 178.68593
  22.33574, 178.68593
  20.22870, 161.82961
  20.22870, 161.82961
  20.22870, 161.82961
  20.22870, 161.82961
  20.22870, 161.82961
  15.87142, 126.97134
  15.87142, 126.97134
  15.87142, 126.97134
  15.87142, 126.97134
  13.18235, 105.45882
  13.18235, 105.45882
  13.18235, 105.45882
  13.18235, 105.45882
  10.07810,  80.62479
  10.07810,  80.62479
  10.07810,  80.62479
  10.07810,  80.62479
  10.07810,  80.62479
   7.13747,  57.09980
   7.13747,  57.09980
   7.13747,  57.09980
   7.13747,  57.09980
   7.13747,  57.09980
   6.30641,  50.45127
   6.30641,  50.45127
   6.30641,  50.45127
   6.30641,  50.45127
   6.30641,  50.45127
   5.55968,  44.47742
   5.55968,  44.47742
   5.55968,  44.47742
   5.55968,  44.47742
   5.49775,  43.98198
   5.49775,  43.98198
   5.49775,  43.98198
   5.49775,  43.98198
   5.49775,  43.98198
   4.02226,  32.17806
   4.02226,  32.17806
   4.02226,  32.17806
   4.02226,  32.17806
   4.02226,  32.17806
   4.02226,  32.17806
   4.02226,  32.17806
   4.02226,  32.17806
   4.02226,  32.17806
   4.02226,  32.17806
   4.02226,  32.17806
   4.32228,  34.57823
   4.32228,  34.57823
   4.32228,  34.57823
   4.32228,  34.57823
   4.67429,  37.39429
   4.67429,  37.39429
   4.67429,  37.39429
   4.67429,  37.39429
   5.07245,  40.57963
   5.07245,  40.57963
   5.07245,  40.57963
   5.07245,  40.57963
   5.07245,  40.57963
   5.07245,  40.57963
   5.07245,  40.57963
   5.07245,  40.57963
   5.07245,  40.57963
   5.07245,  40.57963
   5.07245,  40.57963
   5.07245,  40.57963
   5.07245,  40.57963
   5.07245,  40.57963
   5.41178,  43.29422
   5.41178,  43.29422
   5.41178,  43.29422
   5.41178,  43.29422
   5.41178,  43.29422
   4.67429,  37.39429
   4.67429,  37.39429
   4.67429,  37.39429
   4.67429,  37.39429
   4.67429,  37.39429
   5.07245,  40.57963
   5.07245,  40.57963
   5.07245,  40.57963
   5.07245,  40.57963
   5.07245,  40.57963
   5.07245,  40.57963
   5.55528,  44.44220
   5.55528,  44.44220
   5.55528,  44.44220
   5.55528,  44.44220
   4.67429,  37.39429
   4.67429,  37.39429
   4.67429,  37.39429
   4.67429,  37.39429
   5.07245,  40.57963
   5.07245,  40.57963
   5.07245,  40.57963
   5.07245,  40.57963
   5.07245,  40.57963
   5.13416,  41.07324
   5.13416,  41.07324
   5.13416,  41.07324
   5.13416,  41.07324
   5.13416,  41.07324
   5.13416,  41.07324
   4.48655,  35.89240
   4.48655,  35.89240
   4.48655,  35.89240
   4.67429,  37.39429
   4.67429,  37.39429
   4.67429,  37.39429
   4.67429,  37.39429
   4.67429,  37.39429
   5.07065,  40.56519
   5.07065,  40.56519
   5.07065,  40.56519
   5.07065,  40.56519
   5.07065,  40.56519
   4.48655,  35.89240
   4.48655,  35.89240
   4.48655,  35.89240
   4.48655,  35.89240
   4.48655,  35.89240
   4.32588,  34.60702
   4.32588,  34.60702
   4.32588,  34.60702
   4.32588,  34.60702
   5.07065,  40.56519
   5.07065,  40.56519
   5.07065,  40.56519
   5.07065,  40.56519
   5.07065,  40.56519
   4.25717,  34.05738
   4.25717,  34.05738
   4.25717,  34.05738
   4.25717,  34.05738
   4.25717,  34.05738
   2.14810,  17.18482
   2.14810,  17.18482
   2.14810,  17.18482
   2.14810,  17.18482
   2.14810,  17.18482
   2.82581,  22.60649
   2.82581,  22.60649
   2.82581,  22.60649
   2.82581,  22.60649
   0.81595,   6.52759
   0.81595,   6.52759
   0.81595,   6.52759
   0.81595,   6.52759
   0.81595,   6.52759
  -3.41850, -27.34799
  -3.41850, -27.34799
  -3.41850, -27.34799
  -3.41850, -27.34799
  -7.03534, -56.28272
  -7.03534, -56.28272
  -7.03534, -56.28272
  -7.03534, -56.28272
  -7.03534, -56.28272
 -11.47160, -91.77279
 -11.47160, -91.77279
 -11.47160, -91.77279
 -11.47160, -91.77279
 -11.47160, -91.77279
 -18.52553,-148.20424
 -18.52553,-148.20424
 -18.52553,-148.20424
 -18.52553,-148.20424
 -18.52553,-148.20424
 -23.71066,-189.68527
 -23.71066,-189.68527
 -23.71066,-189.68527
 -23.71066,-189.68527
 -27.69443,-221.55540
 -27.69443,-221.55540
 -27.69443,-221.55540
 -27.69443,-221.55540
 -27.69443,-221.55540
 -27.69443,-221.55540
 -31.06708,-248.53661
 -31.06708,-248.53661
 -31.06708,-248.53661
 -31.06708,-248.53661
 -32.30135,-258.41083
 -32.30135,-258.41083
 -32.30135,-258.41083
 -32.30135,-258.41083
 -31.29493,-250.35947
 -31.29493,-250.35947
 -31.29493,-250.35947
 -31.29493,-250.35947
 -31.29493,-250.35947
 -27.41394,-219.31149
 -27.41394,-219.31149
 -27.41394,-219.31149
 -27.41394,-219.31149
 -27.41394,-219.31149
 -22.36922,-178.95372
 -22.36922,-178.95372
 -22.36922,-178.95372
 -22.36922,-178.95372
 -22.36922,-178.95372
 -16.70643,-133.65143
 -16.70643,-133.65143
 -16.70643,-133.65143
 -16.70643,-133.65143
 -16.70643,-133.65143
 -16.70643,-133.65143
 -16.70643,-133.65143
 -16.70643,-133.65143
 -16.70643,-133.65143
 -16.70643,-133.65143
  -7.94593, -63.56747
  -7.94593, -63.56747
  -7.94593, -63.56747
  -7.94593, -63.56747
  -3.18241, -25.45929
  -3.18241, -25.45929
  -3.18241, -25.45929
  -3.18241, -25.45929
  -3.18241, -25.45929
  -0.71549,  -5.72392
  -0.71549,  -5.72392
  -0.71549,  -5.72392
  -0.71549,  -5.72392
   2.52616,  20.20925
   2.52616,  20.20925
   2.52616,  20.20925
   2.52616,  20.20925
   2.52616,  20.20925
   3.53477,  28.27815
   3.53477,  28.27815
   3.53477,  28.27815
   3.53477,  28.27815
   3.41229,  27.29831
   3.41229,  27.29831
   3.41229,  27.29831
   3.41229,  27.29831
   3.41229,  27.29831
   2.64634,  21.17074
   2.64634,  21.17074
   2.64634,  21.17074
   2.64634,  21.17074
   2.64634,  21.17074
   2.64634,  21.17074
   2.24367,  17.94939
   2.24367,  17.94939
   2.24367,  17.94939
   1.65805,  13.26437
   1.65805,  13.26437
   1.65805,  13.26437
   1.65805,  13.26437
   1.65805,  13.26437
   1.90283,  15.22266
   1.90283,  15.22266
   1.90283,  15.22266
   1.90283,  15.22266
   1.90283,  15.22266
   1.90283,  15.22266
   1.90283,  15.22266
   1.90283,  15.22266
   1.90283,  15.22266
   1.90283,  15.22266
   1.65805,  13.26437
   1.65805,  13.26437
   1.65805,  13.26437
   1.65805,  13.26437
   1.65805,  13.26437
   1.65805,  13.26437
   1.65805,  13.26437
   1.65805,  13.26437
   1.65805,  13.26437
   1.65805,  13.26437
   2.03776,  16.30207
   2.03776,  16.30207
   2.03776,  16.30207
   2.16967,  17.35732
   2.16967,  17.35732
   2.16967,  17.35732
   2.16967,  17.35732
   2.16967,  17.35732
   1.90283,  15.22266
   1.90283,  15.22266
   1.90283,  15.22266
   1.90283,  15.22266
   1.90283,  15.22266
   1.90283,  15.22266
   2.66911,  21.35289
   2.66911,  21.35289
   2.66911,  21.35289
   2.66911,  21.35289
   1.99771,  15.98169
   1.99771,  15.98169
   1.99771,  15.98169
   1.99771,  15.98169
   1.70515,  13.64120
   1.70515,  13.64120
   1.70515,  13.64120
   1.70515,  13.64120
   1.70515,  13.64120
   3.01290,  24.10322
   3.01290,  24.10322
   3.01290,  24.10322
   3.01290,  24.10322
   3.01290,  24.10322
   4.64846,  37.18769
   4.64846,  37.18769
   4.64846,  37.18769
   4.64846,  37.18769
   4.64846,  37.18769
   7.04882,  56.39055
   7.04882,  56.39055
   7.04882,  56.39055
   7.04882,  56.39055
  10.32973,  82.63785
  10.32973,  82.63785
  10.32973,  82.63785
  10.32973,  82.63785
  10.32973,  82.63785
  15.41411, 123.31288
  15.41411, 123.31288
  15.41411, 123.31288
  15.41411, 123.31288
  15.41411, 123.31288
  15.41411, 123.31288
  19.89961, 159.19691
  19.89961, 159.19691
  19.89961, 159.19691
  19.89961, 159.19691
  24.68085, 197.44684
  24.68085, 197.44684
  24.68085, 197.44684
  24.68085, 197.44684
  31.86753, 254.94023
  31.86753, 254.94023
  31.86753, 254.94023
  31.86753, 254.94023
  31.86753, 254.94023
  38.04971, 304.39771
  38.04971, 304.39771
  38.04971, 304.39771
  38.04971, 304.39771
  38.04971, 304.39771
   0.00000,   0.00000
   0.00000,   0.00000
   0.00000,   0.00000
   0.00000,   0.00000
   0.00000,   0.00000
  42.05800, 336.46402
  42.05800, 336.46402
  42.05800, 336.46402
  42.05800, 336.46402
  38.65223, 309.21786
  38.65223, 309.21786
  38.65223, 309.21786
  38.65223, 309.21786
  38.65223, 309.21786
  31.42070, 251.36563
  31.42070, 251.36563
  31.42070, 251.36563
  31.42070, 251.36563
  30.15968, 241.27747
  30.15968, 241.27747
  30.15968, 241.27747
  30.15968, 241.27747
  30.15968, 241.27747
  27.25759, 218.06075
  27.25759, 218.06075
  27.25759, 218.06075
  27.25759, 218.06075
  27.25759, 218.06075
  20.96130, 167.69038
  20.96130, 167.69038
  20.96130, 167.69038
  20.96130, 167.69038
  16.31324, 130.50594
  16.31324, 130.50594
  16.31324, 130.50594
  16.31324, 130.50594
  16.31324, 130.50594
  11.11326,  88.90608
  11.11326,  88.90608
  11.11326,  88.90608
  11.11326,  88.90608
  11.11326,  88.90608
  11.11326,  88.90608
   7.26206,  58.09648
   7.26206,  58.09648
   7.26206,  58.09648
   7.26206,  58.09648
   2.84772,  22.78174
   2.84772,  22.78174
   2.84772,  22.78174
   2.84772,  22.78174
   3.44717,  27.57739
   3.44717,  27.57739
   3.44717,  27.57739
   3.44717,  27.57739
   3.44717,  27.57739
   3.44717,  27.57739
   3.44717,  27.57739
   3.44717,  27.57739
   3.44717,  27.57739
   2.69832,  21.58660
   2.69832,  21.58660
   2.69832,  21.58660
   2.69832,  21.58660
   2.69832,  21.58660
   2.83194,  22.65548
   2.83194,  22.65548
   2.83194,  22.65548
   2.83194,  22.65548
   2.71141,  21.69130
   2.71141,  21.69130
   2.71141,  21.69130
   2.71141,  21.69130
   2.71141,  21.69130
   2.71141,  21.69130
   2.71141,  21.69130
   2.71141,  21.69130
   2.71141,  21.69130
   2.71141,  21.69130
   2.71141,  21.69130
   2.71141,  21.69130
   2.71141,  21.69130
   2.71141,  21.69130
   3.14677,  25.17419
   3.14677,  25.17419
   3.14677,  25.17419
   3.14677,  25.17419
   3.14677,  25.17419
   3.14677,  25.17419
   3.02085,  24.16680
   3.02085,  24.16680
   3.02085,  24.16680
   3.14677,  25.17419
   3.14677,  25.17419
   3.14677,  25.17419
   3.14677,  25.17419
   3.14677,  25.17419
   3.53315,  28.26517
   3.53315,  28.26517
   3.53315,  28.26517
   3.53315,  28.26517
   3.44487,  27.55898
   3.44487,  27.55898
   3.44487,  27.55898
   3.44487,  27.55898
   3.44487,  27.55898
   3.57508,  28.60068
   3.57508,  28.60068
   3.57508,  28.60068
   3.57508,  28.60068
   3.57508,  28.60068
   3.57508,  28.60068
   3.57508,  28.60068
   3.57508,  28.60068
   3.57508,  28.60068
   3.57508,  28.60068
   3.57508,  28.60068
   3.37181,  26.97444
   3.37181,  26.97444
   3.37181,  26.97444
   1.94862,  15.58899
   1.94862,  15.58899
   1.94862,  15.58899
   1.94862,  15.58899
   1.94862,  15.58899
   0.45195,   3.61559
   0.45195,   3.61559
   0.45195,   3.61559
   0.45195,   3.61559
  -2.77188, -22.17505
  -2.77188, -22.17505
  -2.77188, -22.17505
  -2.77188, -22.17505
  -2.77188, -22.17505
  -5.93647, -47.49177
  -5.93647, -47.49177
  -5.93647, -47.49177
  -5.93647, -47.49177
 -12.28496, -98.27966
 -12.28496, -98.27966
 -12.28496, -98.27966
 -12.28496, -98.27966
 -12.28496, -98.27966
 -15.78997,-126.31979
 -15.78997,-126.31979
 -15.78997,-126.31979
 -15.78997,-126.31979
 -21.08237,-168.65895
 -21.08237,-168.65895
 -21.08237,-168.65895
 -21.08237,-168.65895
 -21.08237,-168.65895
 -26.86090,-214.88716
 -26.86090,-214.88716
 -26.86090,-214.88716
 -26.86090,-214.88716
 -31.79898,-254.39185
 -31.79898,-254.39185
 -31.79898,-254.39185
 -31.79898,-254.39185
 -31.79898,-254.39185
 -36.22620,-289.80963
 -36.22620,-289.80963
 -36.22620,-289.80963
 -36.22620,-289.80963
 -36.22620,-289.80963
 -40.37530,-323.00241
 -40.37530,-323.00241
 -40.37530,-323.00241
 -40.37530,-323.00241
 -41.90491,-335.23926
 -41.90491,-335.23926
 -41.90491,-335.23926
 -41.90491,-335.23926
 -41.90491,-335.23926
 -39.85569,-318.84549
 -39.85569,-318.84549
 -39.85569,-318.84549
 -39.85569,-318.84549
 -39.85569,-318.84549
 -34.11459,-272.91675
 -34.11459,-272.91675
 -34.11459,-272.91675
 -34.11459,-272.91675
 -34.11459,-272.91675
 -28.16641,-225.33128
 -28.16641,-225.33128
 -28.16641,-225.33128
 -28.16641,-225.33128
 -20.09923,-160.79381
 -20.09923,-160.79381
 -20.09923,-160.79381
 -20.09923,-160.79381
 -20.09923,-160.79381
 -14.95161,-119.61292
 -14.95161,-119.61292
 -14.95161,-119.61292
 -14.95161,-119.61292
 -14.95161,-119.61292
  -9.15902, -73.27215
  -9.15902, -73.27215
  -9.15902, -73.27215
  -9.15902, -73.27215
  -9.15902, -73.27215
  -3.11500, -24.92000
  -3.11500, -24.92000
  -3.11500, -24.92000
  -3.11500, -24.92000
  -3.11500, -24.92000
  -3.11500, -24.92000
   1.95732,  15.65857
   1.95732,  15.65857
   1.95732,  15.65857
   3.94056,  31.52448
   3.94056,  31.52448
   3.94056,  31.52448
   3.94056,  31.52448
   3.94056,  31.52448
   3.94056,  31.52448
   4.68489,  37.47911
   4.68489,  37.47911
   4.68489,  37.47911
   5.27725,  42.21802
   5.27725,  42.21802
   5.27725,  42.21802
   5.27725,  42.21802
   5.27725,  42.21802
   3.72372,  29.78979
   3.72372,  29.78979
   3.72372,  29.78979
   3.72372,  29.78979
   3.72372,  29.78979
   2.97600,  23.80796
   2.97600,  23.80796
   2.97600,  23.80796
   2.97600,  23.80796
   2.97600,  23.80796
   0.72282,   5.78253
   0.72282,   5.78253
   0.72282,   5.78253
   0.72282,   5.78253
   0.72282,   5.78253
   0.72282,   5.78253
   0.72282,   5.78253
   0.72282,   5.78253
   0.72282,   5.78253
   0.72282,   5.78253
   0.72282,   5.78253
   0.72282,   5.78253
   0.72282,   5.78253
   0.72282,   5.78253
   2.55133,  20.41064
   2.55133,  20.41064
   2.55133,  20.41064
   2.55133,  20.41064
   2.55133,  20.41064
   3.16323,  25.30583
   3.16323,  25.30583
   3.16323,  25.30583
   3.16323,  25.30583
   0.72282,   5.78253
   0.72282,   5.78253
   0.72282,   5.78253
   0.72282,   5.78253
   0.72282,   5.78253
   3.48878,  27.91026
   3.48878,  27.91026
   3.48878,  27.91026
   3.48878,  27.91026
   3.48878,  27.91026
   3.48878,  27.91026
   3.48878,  27.91026
   3.48878,  27.91026
   3.48878,  27.91026
   3.48878,  27.91026
   3.48878,  27.91026
   3.48878,  27.91026
   3.48878,  27.91026
   3.48878,  27.91026
   3.48878,  27.91026
   4.56459,  36.51673
   4.56459,  36.51673
   4.56459,  36.51673
   4.56459,  36.51673
   4.56459,  36.51673
   5.36129,  42.89031
   5.36129,  42.89031
   5.36129,  42.89031
   5.36129,  42.89031
   6.10564,  48.84511
   6.10564,  48.84511
   6.10564,  48.84511
   6.10564,  48.84511
   6.10564,  48.84511
   5.17478,  41.39824
   5.17478,  41.39824
   5.17478,  41.39824
   5.17478,  41.39824
  10.39024,  83.12195
  10.39024,  83.12195
  10.39024,  83.12195
  10.39024,  83.12195
  10.39024,  83.12195
  10.39024,  83.12195
  13.94548, 111.56381
  13.94548, 111.56381
  13.94548, 111.56381
  13.94548, 111.56381
  15.20949, 121.67588
  15.20949, 121.67588
  15.20949, 121.67588
  15.20949, 121.67588
  15.20949, 121.67588
  23.09843, 184.78748
  23.09843, 184.78748
  23.09843, 184.78748
  23.09843, 184.78748
  27.16905, 217.35242
  27.16905, 217.35242
  27.16905, 217.35242
  27.16905, 217.35242
  27.16905, 217.35242
  33.70802, 269.66412
  33.70802, 269.66412
  33.70802, 269.66412
  33.70802, 269.66412
  33.70802, 269.66412
  34.37598, 275.00781
  34.37598, 275.00781
  34.37598, 275.00781
  34.37598, 275.00781
  34.37598, 275.00781
  39.21056, 313.68451
  39.21056, 313.68451
  39.21056, 313.68451
  39.21056, 313.68451
  41.39523, 331.16183
  41.39523, 331.16183
  41.39523, 331.16183
  41.39523, 331.16183
  41.39523, 331.16183
  41.39523, 331.16183
  41.64424, 333.15393
  41.64424, 333.15393
  41.64424, 333.15393
  41.64424, 333.15393
  38.38007, 307.04059
  38.38007, 307.04059
  38.38007, 307.04059
  38.38007, 307.04059
  38.38007, 307.04059
  38.38007, 307.04059
  38.38007, 307.04059
  32.70578, 261.64624
  32.70578, 261.64624
  32.70578, 261.64624
  32.70578, 261.64624
  32.70578, 261.64624
  32.70578, 261.64624
  24.47557, 195.80460
  17.78247, 142.25975
  17.78247, 142.25975
  17.78247, 142.25975
  17.78247, 142.25975
  17.78247, 142.25975
   8.91989,  71.35915
   8.91989,  71.35915
   8.91989,  71.35915
   8.91989,  71.35915
   5.11993,  40.95943
   5.11993,  40.95943
   5.11993,  40.95943
   5.11993,  40.95943
   5.11993,  40.95943
  -2.99861, -23.98890
  -2.99861, -23.98890
  -2.99861, -23.98890
  -2.99861, -23.98890
  -3.66501, -29.32005
  -3.66501, -29.32005
  -3.66501, -29.32005
  -3.66501, -29.32005
  -3.66501, -29.32005
  -5.28574, -42.28590
  -5.28574, -42.28590
  -5.28574, -42.28590
  -5.28574, -42.28590
  -5.28574, -42.28590
  -5.28574, -42.28590
  -5.28574, -42.28590
  -5.28574, -42.28590
  -5.28574, -42.28590
  -5.28574, -42.28590
  -4.81895, -38.55161
  -4.81895, -38.55161
  -4.81895, -38.55161
  -4.81895, -38.55161
  -5.06867, -40.54937
  -5.06867, -40.54937
  -5.06867, -40.54937
  -5.06867, -40.54937
  -5.06867, -40.54937
  -4.96832, -39.74659
  -4.96832, -39.74659
  -4.96832, -39.74659
  -4.96832, -39.74659
  -4.96832, -39.74659
  -4.96832, -39.74659
  -4.96832, -39.74659
  -5.06867, -40.54937
  -5.06867, -40.54937
  -5.06867, -40.54937
  -6.43699, -51.49589
  -6.43699, -51.49589
  -6.43699, -51.49589
  -6.43699, -51.49589
  -6.43699, -51.49589
  -6.43699, -51.49589
  -4.07271, -32.58165
  -4.07271, -32.58165
  -4.07271, -32.58165
  -4.32177, -34.57415
  -4.32177, -34.57415
  -4.32177, -34.57415
  -4.32177, -34.57415
  -4.32177, -34.57415
  -4.32177, -34.57415
  -6.80433, -54.43462
  -6.80433, -54.43462
  -6.80433, -54.43462
  -6.80433, -54.43462
  -6.80433, -54.43462
  -6.80433, -54.43462
  -6.80433, -54.43462
  -4.97419, -39.79352
  -4.97419, -39.79352
  -5.50741, -44.05926
  -5.50741, -44.05926
  -5.50741, -44.05926
  -5.50741, -44.05926
  -5.50741, -44.05926
  -5.50741, -44.05926
  -8.21964, -65.75709
  -8.21964, -65.75709
  -8.21964, -65.75709
  -9.26335, -74.10678
  -9.26335, -74.10678
  -9.26335, -74.10678
  -9.26335, -74.10678
  -9.26335, -74.10678
 -10.40225, -83.21800
 -10.40225, -83.21800
 -10.40225, -83.21800
 -10.40225, -83.21800
 -10.40225, -83.21800
 -10.40225, -83.21800
 -10.40225, -83.21800
 -10.40225, -83.21800
 -10.40225, -83.21800
 -10.40225, -83.21800
  -9.19621, -73.56971
  -9.19621, -73.56971
  -9.19621, -73.56971
  -9.19621, -73.56971
  -7.90147, -63.21175
  -7.90147, -63.21175
  -7.90147, -63.21175
  -7.90147, -63.21175
  -6.73914, -53.91309
  -6.73914, -53.91309
  -6.73914, -53.91309
  -6.73914, -53.91309
  -6.73914, -53.91309
  -6.73914, -53.91309
  -6.73914, -53.91309
  -6.73914, -53.91309
  -6.73914, -53.91309
  -6.73914, -53.91309
  -6.73914, -53.91309
  -7.38686, -59.09489
  -7.38686, -59.09489
  -7.38686, -59.09489
  -7.38686, -59.09489
  -6.62807, -53.02459
  -6.62807, -53.02459
  -6.62807, -53.02459
  -6.62807, -53.02459
  -6.62807, -53.02459
  -6.62807, -53.02459
  -6.62807, -53.02459
  -6.62807, -53.02459
  -6.62807, -53.02459
  -6.87742, -55.01937
  -6.87742, -55.01937
  -6.87742, -55.01937
  -6.87742, -55.01937
  -6.87742, -55.01937
  -6.58899, -52.71191
  -6.58899, -52.71191
  -6.58899, -52.71191
  -6.58899, -52.71191
  -6.58899, -52.71191
  -5.93755, -47.50041
  -5.93755, -47.50041
  -5.93755, -47.50041
  -5.93755, -47.50041
  -5.93755, -47.50041
  -4.92867, -39.42933
  -4.92867, -39.42933
  -4.92867, -39.42933
  -4.92867, -39.42933
  -4.88280, -39.06241
  -4.88280, -39.06241
  -4.88280, -39.06241
  -4.88280, -39.06241
  -4.88280, -39.06241
  -4.88280, -39.06241
  -4.88280, -39.06241
  -4.83484, -38.67868
  -4.83484, -38.67868
  -4.83484, -38.67868
  -4.83484, -38.67868
  -5.86969, -46.95752
  -5.86969, -46.95752
  -5.86969, -46.95752
  -9.60427, -76.83419
  -9.60427, -76.83419
  -9.60427, -76.83419
  -9.60427, -76.83419
  -9.60427, -76.83419
  -9.60427, -76.83419
 -11.45875, -91.67002
 -11.45875, -91.67002
 -11.45875, -91.67002
 -11.45875, -91.67002
 -15.45002,-123.60012
 -15.45002,-123.60012
 -15.45002,-123.60012
 -15.45002,-123.60012
 -15.45002,-123.60012
 -18.73530,-149.88239
 -18.73530,-149.88239
 -18.73530,-149.88239
 -18.73530,-149.88239
 -25.20778,-201.66226
 -25.20778,-201.66226
 -25.20778,-201.66226
 -25.20778,-201.66226
 -25.20778,-201.66226
 -25.20778,-201.66226
 -25.20778,-201.66226
 -25.20778,-201.66226
 -30.33883,-242.71062
 -30.33883,-242.71062
 -34.18223,-273.45782
 -34.18223,-273.45782
 -34.18223,-273.45782
 -34.18223,-273.45782
 -37.15770,-297.26163
 -37.15770,-297.26163
 -37.15770,-297.26163
 -37.15770,-297.26163
 -37.15770,-297.26163
 -37.15770,-297.26163
 -37.15770,-297.26163
 -39.90625,-319.24997
 -39.90625,-319.24997
 -39.90625,-319.24997
 -40.21482,-321.71860
 -40.21482,-321.71860
 -40.21482,-321.71860
 -40.21482,-321.71860
 -37.12614,-297.00916
 -37.12614,-297.00916
 -37.12614,-297.00916
 -37.12614,-297.00916
 -37.12614,-297.00916
 -37.12614,-297.00916
 -37.12614,-297.00916
 -32.57003,-260.56027
 -32.57003,-260.56027
 -32.57003,-260.56027
 -26.25616,-210.04927
 -26.25616,-210.04927
 -26.25616,-210.04927
 -26.25616,-210.04927
 -26.25616,-210.04927
 -26.25616,-210.04927
 -19.81908,-158.55267
 -19.81908,-158.55267
 -19.81908,-158.55267
 -19.81908,-158.55267
 -12.17811, -97.42492
 -12.17811, -97.42492
 -12.17811, -97.42492
 -12.17811, -97.42492
  -8.74722, -69.97772
  -8.74722, -69.97772
  -8.74722, -69.97772
  -8.74722, -69.97772
  -8.74722, -69.97772
  -1.03018,  -8.24148
  -1.03018,  -8.24148
  -1.03018,  -8.24148
  -1.03018,  -8.24148
  -1.03018,  -8.24148
  -1.03018,  -8.24148
  -1.03018,  -8.24148
   2.12643,  17.01141
   2.12643,  17.01141
   2.12643,  17.01141
   4.53392,  36.27137
   4.53392,  36.27137
   4.53392,  36.27137
   4.53392,  36.27137
   4.53392,  36.27137
   5.24623,  41.96982
   5.24623,  41.96982
   5.24623,  41.96982
   5.24623,  41.96982
   5.24623,  41.96982
   5.24623,  41.96982
   5.24623,  41.96982
   5.24623,  41.96982
   5.99671,  47.97371
   5.99671,  47.97371
   5.99671,  47.97371
   5.99671,  47.97371
   5.99671,  47.97371
   5.16905,  41.35239
   5.16905,  41.35239
   5.16905,  41.35239
   5.16905,  41.35239
   5.16905,  41.35239
   5.43709,  43.49669
   5.43709,  43.49669
   5.43709,  43.49669
   5.43709,  43.49669
   5.43709,  43.49669
   5.43709,  43.49669
   5.43709,  43.49669
   5.43709,  43.49669
   5.43709,  43.49669
   4.99532,  39.96254
   4.99532,  39.96254
   4.99532,  39.96254
   4.99532,  39.96254
   4.99532,  39.96254
   4.99532,  39.96254
   4.99532,  39.96254
   4.37451,  34.99611
   4.37451,  34.99611
   4.37451,  34.99611
   4.26716,  34.13732
   4.26716,  34.13732
   4.26716,  34.13732
   4.26716,  34.13732
   4.26716,  34.13732
   4.26716,  34.13732
   4.26716,  34.13732
   4.26716,  34.13732
   4.37451,  34.99611
   4.37451,  34.99611
   3.93931,  31.51448
   3.93931,  31.51448
   3.93931,  31.51448
   3.93931,  31.51448
   3.93931,  31.51448
   3.93931,  31.51448
   3.93931,  31.51448
   3.93931,  31.51448
   3.93931,  31.51448
   3.93931,  31.51448
   3.93931,  31.51448
   3.93931,  31.51448
   3.93931,  31.51448
   3.93931,  31.51448
   3.93931,  31.51448
   3.81862,  30.54896
   3.81862,  30.54896
   3.81862,  30.54896
   3.81862,  30.54896
   3.81862,  30.54896
   3.81862,  30.54896
   3.81862,  30.54896
   3.81862,  30.54896
   3.81862,  30.54896
   3.81862,  30.54896
   3.81862,  30.54896
   3.81862,  30.54896
   3.81862,  30.54896
   3.81862,  30.54896
   3.81862,  30.54896
   3.81862,  30.54896
   3.81862,  30.54896
   3.81862,  30.54896
   3.81862,  30.54896
   3.81862,  30.54896
   3.81862,  30.54896
   3.81862,  30.54896
   3.81862,  30.54896
   3.81862,  30.54896
   3.81862,  30.54896
   3.81862,  30.54896
   3.81862,  30.54896
   3.81862,  30.54896
   3.81862,  30.54896
   3.81862,  30.54896
   3.81862,  30.54896
   3.81862,  30.54896
   3.81862,  30.54896
   3.50289,  28.02315
   3.50289,  28.02315
   3.50289,  28.02315
   3.50289,  28.02315
   3.50289,  28.02315
   3.50289,  28.02315
   3.50289,  28.02315
   3.50289,  28.02315
   3.67281,  29.38247
   3.67281,  29.38247
   3.67281,  29.38247
   3.67281,  29.38247
   3.67281,  29.38247
   3.67281,  29.38247
   3.67281,  29.38247
   3.67281,  29.38247
   3.67281,  29.38247
   3.67281,  29.38247
   2.99681,  23.97447
   3.67281,  29.38247
   3.67281,  29.38247
   3.67281,  29.38247
   3.67281,  29.38247
   1.50396,  12.03170
   1.50396,  12.03170
   1.50396,  12.03170
   1.50396,  12.03170
   1.50396,  12.03170
   1.50396,  12.03170
   1.50396,  12.03170
   2.99681,  23.97447
   2.99681,  23.97447
   3.50289,  28.02315
