   9.37500,-941.52332,   0.71005,  -0.02754,   0.00569
   9.37500,-941.52332,   0.71005,  -0.02754,   0.00569
   9.37500,-941.52332,   0.71005,  -0.02754,   0.00569
   9.37500,7159.16992,   1.13863,  -0.04399,   0.00911
   9.37500,7159.16992,   1.13863,  -0.04399,   0.00911
   9.37500,7159.16992,   1.13863,  -0.04399,   0.00911
   9.37500,7159.16992,   1.13863,  -0.04399,   0.00911
   9.37500,7159.16992,   1.13863,  -0.04399,   0.00911
   9.37500,2696.27100,   1.39323,  -0.05393,   0.01116
   9.37500,2696.27100,   1.39323,  -0.05393,   0.01116
   9.37500,2696.27100,   1.39323,  -0.05393,   0.01116
   9.37500,2696.27100,   1.39323,  -0.05393,   0.01116
   9.37500,2205.01050,   1.54599,  -0.05990,   0.01239
   9.37500,2205.01050,   1.54599,  -0.05990,   0.01239
   9.37500,2205.01050,   1.54599,  -0.05990,   0.01239
   9.37500,2205.01050,   1.54599,  -0.05990,   0.01239
   9.37500,2205.01050,   1.54599,  -0.05990,   0.01239
   9.37500,1260.40137,   1.63764,  -0.06348,   0.01312
   9.37500,1260.40137,   1.63764,  -0.06348,   0.01312
   9.37500,1260.40137,   1.63764,  -0.06348,   0.01312
   9.37500,1260.40137,   1.63764,  -0.06348,   0.01312
   9.37500,1260.40137,   1.63764,  -0.06348,   0.01312
   9.37500, 942.90479,   1.69264,  -0.06562,   0.01357
   9.37500, 942.90479,   1.69264,  -0.06562,   0.01357
   9.37500, 942.90479,   1.69264,  -0.06562,   0.01357
   9.37500, 942.90479,   1.69264,  -0.06562,   0.01357
   9.37500, 879.62988,   1.72819,  -0.06684,   0.01384
   9.37500, 879.62988,   1.72819,  -0.06684,   0.01384
   9.37500, 879.62988,   1.72819,  -0.06684,   0.01384
   9.37500, 879.62988,   1.72819,  -0.06684,   0.01384
   9.37500, 879.62988,   1.72819,  -0.06684,   0.01384
   9.37500, 628.87250,   1.74696,  -0.06764,   0.01399
   9.37500, 628.87250,   1.74696,  -0.06764,   0.01399
   9.37500, 628.87250,   1.74696,  -0.06764,   0.01399
   9.37500, 628.87250,   1.74696,  -0.06764,   0.01399
   9.37500, 628.87250,   1.74696,  -0.06764,   0.01399
   9.37500, 448.91980,   1.74921,  -0.06760,   0.01403
   9.37500, 448.91980,   1.74921,  -0.06760,   0.01403
   9.37500, 448.91980,   1.74921,  -0.06760,   0.01403
   9.37500, 448.91980,   1.74921,  -0.06760,   0.01403
   9.37500, 586.58838,   1.75958,  -0.06810,   0.01411
   9.37500, 586.58838,   1.75958,  -0.06810,   0.01411
   9.37500, 586.58838,   1.75958,  -0.06810,   0.01411
   9.37500, 586.58838,   1.75958,  -0.06810,   0.01411
   9.37500, 586.58838,   1.75958,  -0.06810,   0.01411
   9.37500, 527.25122,   1.76580,  -0.06840,   0.01416
   9.37500, 527.25122,   1.76580,  -0.06840,   0.01416
   9.37500, 527.25122,   1.76580,  -0.06840,   0.01416
   9.37500, 527.25122,   1.76580,  -0.06840,   0.01416
   9.37500, 550.84491,   1.77208,  -0.06850,   0.01419
   9.37500, 550.84491,   1.77208,  -0.06850,   0.01419
   9.37500, 550.84491,   1.77208,  -0.06850,   0.01419
   9.37500, 550.84491,   1.77208,  -0.06850,   0.01419
   9.37500, 550.84491,   1.77208,  -0.06850,   0.01419
   9.37500, 663.23511,   1.78764,  -0.06916,   0.01486
   9.37500, 663.23511,   1.78764,  -0.06916,   0.01486
   9.37500, 663.23511,   1.78764,  -0.06916,   0.01486
   9.37500, 663.23511,   1.78764,  -0.06916,   0.01486
   9.37500, 663.23511,   1.78764,  -0.06916,   0.01486
   9.37500, 400.60205,   1.78081,  -0.06874,   0.01525
   9.37500, 400.60205,   1.78081,  -0.06874,   0.01525
   9.37500, 400.60205,   1.78081,  -0.06874,   0.01525
   9.37500, 400.60205,   1.78081,  -0.06874,   0.01525
   9.37500, 400.60205,   1.78081,  -0.06874,   0.01525
   9.37500, 460.90250,   1.77953,  -0.06917,   0.01589
   9.37500, 460.90250,   1.77953,  -0.06917,   0.01589
   9.37500, 460.90250,   1.77953,  -0.06917,   0.01589
   9.37500, 460.90250,   1.77953,  -0.06917,   0.01589
   9.37500, 506.99994,   1.78155,  -0.06970,   0.01703
   9.37500, 506.99994,   1.78155,  -0.06970,   0.01703
   9.37500, 506.99994,   1.78155,  -0.06970,   0.01703
   9.37500, 506.99994,   1.78155,  -0.06970,   0.01703
   9.37500, 508.37335,   1.78345,  -0.07004,   0.01811
   9.37500, 508.37335,   1.78345,  -0.07004,   0.01811
   9.37500, 508.37335,   1.78345,  -0.07004,   0.01811
   9.37500, 508.37335,   1.78345,  -0.07004,   0.01811
   9.37500, 508.37335,   1.78345,  -0.07004,   0.01811
   9.37500, 310.67545,   1.77032,  -0.06986,   0.01852
   9.37500, 310.67545,   1.77032,  -0.06986,   0.01852
   9.37500, 310.67545,   1.77032,  -0.06986,   0.01852
   9.37500, 310.67545,   1.77032,  -0.06986,   0.01852
   9.37500, 310.67545,   1.77032,  -0.06986,   0.01852
   9.37500, 534.15210,   1.77602,  -0.07083,   0.01932
   9.37500, 534.15210,   1.77602,  -0.07083,   0.01932
   9.37500, 534.15210,   1.77602,  -0.07083,   0.01932
   9.37500, 534.15210,   1.77602,  -0.07083,   0.01932
   9.37500, 534.15210,   1.77602,  -0.07083,   0.01932
   9.37500, 534.15210,   1.77602,  -0.07083,   0.01932
   9.37500, 534.15210,   1.77602,  -0.07083,   0.01932
   9.37500, 534.15210,   1.77602,  -0.07083,   0.01932
   9.37500, 534.15210,   1.77602,  -0.07083,   0.01932
   9.37500, 496.61697,   1.77945,  -0.07141,   0.01980
   9.37500, 496.61697,   1.77945,  -0.07141,   0.01980
   9.37500, 496.61697,   1.77945,  -0.07141,   0.01980
   9.37500, 496.61697,   1.77945,  -0.07141,   0.01980
   9.37500, 496.61697,   1.77945,  -0.07141,   0.01980
   9.37500, 343.43719,   1.76936,  -0.07143,   0.02016
   9.37500, 343.43719,   1.76936,  -0.07143,   0.02016
   9.37500, 343.43719,   1.76936,  -0.07143,   0.02016
   9.37500, 343.43719,   1.76936,  -0.07143,   0.02016
   9.37500, 343.43719,   1.76936,  -0.07143,   0.02016
   9.37500, 379.12335,   1.76331,  -0.07145,   0.02038
   9.37500, 379.12335,   1.76331,  -0.07145,   0.02038
   9.37500, 379.12335,   1.76331,  -0.07145,   0.02038
   9.37500, 379.12335,   1.76331,  -0.07145,   0.02038
   9.37500, 379.12335,   1.76331,  -0.07145,   0.02038
   9.37500, 400.38702,   1.75968,  -0.07146,   0.02051
   9.37500, 400.38702,   1.75968,  -0.07146,   0.02051
   9.37500, 400.38702,   1.75968,  -0.07146,   0.02051
   9.37500, 400.38702,   1.75968,  -0.07146,   0.02051
   9.37500, 368.51819,   1.75504,  -0.07135,   0.02072
   9.37500, 368.51819,   1.75504,  -0.07135,   0.02072
   9.37500, 368.51819,   1.75504,  -0.07135,   0.02072
   9.37500, 368.51819,   1.75504,  -0.07135,   0.02072
   9.37500, 428.45218,   1.75471,  -0.07140,   0.02071
   9.37500, 428.45218,   1.75471,  -0.07140,   0.02071
   9.37500, 428.45218,   1.75471,  -0.07140,   0.02071
   9.37500, 428.45218,   1.75471,  -0.07140,   0.02071
   9.37500, 428.45218,   1.75471,  -0.07140,   0.02071
   9.37500, 428.45218,   1.75471,  -0.07140,   0.02071
   9.37500, 541.50970,   1.76444,  -0.07164,   0.02076
   9.37500, 541.50970,   1.76444,  -0.07164,   0.02076
   9.37500, 541.50970,   1.76444,  -0.07164,   0.02076
   9.37500, 541.50970,   1.76444,  -0.07164,   0.02076
   9.37500, 385.17215,   1.76036,  -0.07158,   0.02074
   9.37500, 385.17215,   1.76036,  -0.07158,   0.02074
   9.37500, 385.17215,   1.76036,  -0.07158,   0.02074
   9.37500, 385.17215,   1.76036,  -0.07158,   0.02074
   9.37500, 385.17215,   1.76036,  -0.07158,   0.02074
   9.37500, 543.00195,   1.76808,  -0.07214,   0.02083
   9.37500, 543.00195,   1.76808,  -0.07214,   0.02083
   9.37500, 543.00195,   1.76808,  -0.07214,   0.02083
   9.37500, 543.00195,   1.76808,  -0.07214,   0.02083
   9.37500, 567.08002,   1.77513,  -0.07257,   0.02107
   9.37500, 567.08002,   1.77513,  -0.07257,   0.02107
   9.37500, 567.08002,   1.77513,  -0.07257,   0.02107
   9.37500, 567.08002,   1.77513,  -0.07257,   0.02107
   9.37500, 292.52692,   1.76406,  -0.07238,   0.02106
   9.37500, 292.52692,   1.76406,  -0.07238,   0.02106
   9.37500, 292.52692,   1.76406,  -0.07238,   0.02106
   9.37500, 292.52692,   1.76406,  -0.07238,   0.02106
   9.37500, 292.52692,   1.76406,  -0.07238,   0.02106
   9.37500, 529.15436,   1.77024,  -0.07276,   0.02119
   9.37500, 529.15436,   1.77024,  -0.07276,   0.02119
   9.37500, 529.15436,   1.77024,  -0.07276,   0.02119
   9.37500, 529.15436,   1.77024,  -0.07276,   0.02119
   9.37500, 529.15436,   1.77024,  -0.07276,   0.02119
   9.37500, 505.01807,   1.77375,  -0.07319,   0.02146
   9.37500, 505.01807,   1.77375,  -0.07319,   0.02146
   9.37500, 505.01807,   1.77375,  -0.07319,   0.02146
   9.37500, 505.01807,   1.77375,  -0.07319,   0.02146
   9.37500, 505.01807,   1.77375,  -0.07319,   0.02146
   9.37500, 364.11087,   1.76594,  -0.07320,   0.02108
   9.37500, 364.11087,   1.76594,  -0.07320,   0.02108
   9.37500, 364.11087,   1.76594,  -0.07320,   0.02108
   9.37500, 364.11087,   1.76594,  -0.07320,   0.02108
   9.37500, 364.11087,   1.76594,  -0.07320,   0.02108
   9.37500, 364.11087,   1.76594,  -0.07320,   0.02108
   9.37500, 510.67520,   1.77120,  -0.07344,   0.02098
   9.37500, 510.67520,   1.77120,  -0.07344,   0.02098
   9.37500, 510.67520,   1.77120,  -0.07344,   0.02098
   9.37500, 510.67520,   1.77120,  -0.07344,   0.02098
   9.37500, 509.98392,   1.77435,  -0.07358,   0.02092
   9.37500, 509.98392,   1.77435,  -0.07358,   0.02092
   9.37500, 509.98392,   1.77435,  -0.07358,   0.02092
   9.37500, 468.66064,   1.77447,  -0.07339,   0.02106
   9.37500, 468.66064,   1.77447,  -0.07339,   0.02106
   9.37500, 468.66064,   1.77447,  -0.07339,   0.02106
   9.37500, 468.66064,   1.77447,  -0.07339,   0.02106
   9.37500, 468.66064,   1.77447,  -0.07339,   0.02106
   9.37500, 519.04810,   1.77851,  -0.07366,   0.02156
   9.37500, 519.04810,   1.77851,  -0.07366,   0.02156
   9.37500, 519.04810,   1.77851,  -0.07366,   0.02156
   9.37500, 519.04810,   1.77851,  -0.07366,   0.02156
   9.37500, 465.62512,   1.77801,  -0.07384,   0.02181
   9.37500, 465.62512,   1.77801,  -0.07384,   0.02181
   9.37500, 465.62512,   1.77801,  -0.07384,   0.02181
   9.37500, 465.62512,   1.77801,  -0.07384,   0.02181
   9.37500, 465.62512,   1.77801,  -0.07384,   0.02181
   9.37500, 468.71878,   1.77771,  -0.07395,   0.02195
   9.37500, 468.71878,   1.77771,  -0.07395,   0.02195
   9.37500, 468.71878,   1.77771,  -0.07395,   0.02195
   9.37500, 468.71878,   1.77771,  -0.07395,   0.02195
   9.37500, 300.92523,   1.76533,  -0.07353,   0.02186
   9.37500, 300.92523,   1.76533,  -0.07353,   0.02186
   9.37500, 300.92523,   1.76533,  -0.07353,   0.02186
   9.37500, 300.92523,   1.76533,  -0.07353,   0.02186
   9.37500, 300.92523,   1.76533,  -0.07353,   0.02186
   9.37500, 504.27032,   1.76942,  -0.07359,   0.02199
   9.37500, 504.27032,   1.76942,  -0.07359,   0.02199
   9.37500, 504.27032,   1.76942,  -0.07359,   0.02199
   9.37500, 504.27032,   1.76942,  -0.07359,   0.02199
   9.37500, 504.27032,   1.76942,  -0.07359,   0.02199
   9.37500, 489.88455,   1.77187,  -0.07363,   0.02207
   9.37500, 489.88455,   1.77187,  -0.07363,   0.02207
   9.37500, 489.88455,   1.77187,  -0.07363,   0.02207
   9.37500, 489.88455,   1.77187,  -0.07363,   0.02207
   9.37500, 489.88455,   1.77187,  -0.07363,   0.02207
   9.37500, 489.88455,   1.77187,  -0.07363,   0.02207
   9.37500, 582.43097,   1.78271,  -0.07421,   0.02205
   9.37500, 582.43097,   1.78271,  -0.07421,   0.02205
   9.37500, 582.43097,   1.78271,  -0.07421,   0.02205
   9.37500, 582.43097,   1.78271,  -0.07421,   0.02205
   9.37500, 396.83508,   1.77740,  -0.07424,   0.02211
   9.37500, 396.83508,   1.77740,  -0.07424,   0.02211
   9.37500, 396.83508,   1.77740,  -0.07424,   0.02211
   9.37500, 396.83508,   1.77740,  -0.07424,   0.02211
   9.37500, 396.83508,   1.77740,  -0.07424,   0.02211
   9.37500, 502.55798,   1.77977,  -0.07447,   0.02234
   9.37500, 502.55798,   1.77977,  -0.07447,   0.02234
   9.37500, 502.55798,   1.77977,  -0.07447,   0.02234
   9.37500, 502.55798,   1.77977,  -0.07447,   0.02234
   9.37500,  91.48502,   1.75545,  -0.07351,   0.02252
   9.37500,  91.48502,   1.75545,  -0.07351,   0.02252
   9.37500,  91.48502,   1.75545,  -0.07351,   0.02252
   9.37500,  91.48502,   1.75545,  -0.07351,   0.02252
   9.37500,  91.48502,   1.75545,  -0.07351,   0.02252
   9.37500, 454.95377,   1.75706,  -0.07401,   0.02269
   9.37500, 454.95377,   1.75706,  -0.07401,   0.02269
   9.37500, 454.95377,   1.75706,  -0.07401,   0.02269
   9.37500, 454.95377,   1.75706,  -0.07401,   0.02269
   9.37500, 452.22958,   1.75802,  -0.07431,   0.02280
   9.37500, 452.22958,   1.75802,  -0.07431,   0.02280
   9.37500, 452.22958,   1.75802,  -0.07431,   0.02280
   9.37500, 452.22958,   1.75802,  -0.07431,   0.02280
   9.37500, 452.22958,   1.75802,  -0.07431,   0.02280
   9.37500, 661.38416,   1.77525,  -0.07518,   0.02304
   9.37500, 661.38416,   1.77525,  -0.07518,   0.02304
   9.37500, 661.38416,   1.77525,  -0.07518,   0.02304
   9.37500, 661.38416,   1.77525,  -0.07518,   0.02304
   9.37500, 661.38416,   1.77525,  -0.07518,   0.02304
   9.37500, 661.38416,   1.77525,  -0.07518,   0.02304
   9.37500, 661.38416,   1.77525,  -0.07518,   0.02304
   9.37500, 661.38416,   1.77525,  -0.07518,   0.02304
   9.37500, 661.38416,   1.77525,  -0.07518,   0.02304
   9.37500, 661.38416,   1.77525,  -0.07518,   0.02304
   9.37500, 519.25519,   1.78218,  -0.07594,   0.02314
   9.37500, -50.36279,   1.77289,  -0.07600,   0.02300
   9.37500, -50.36279,   1.77289,  -0.07600,   0.02300
   9.37500, -50.36279,   1.77289,  -0.07600,   0.02300
   9.37500, 350.59912,   1.76731,  -0.07604,   0.02292
   9.37500, 350.59912,   1.76731,  -0.07604,   0.02292
   9.37500, 350.59912,   1.76731,  -0.07604,   0.02292
   9.37500, 350.59912,   1.76731,  -0.07604,   0.02292
   9.37500, 350.59912,   1.76731,  -0.07604,   0.02292
   9.37500, 350.59912,   1.76731,  -0.07604,   0.02292
   9.37500, 350.59912,   1.76731,  -0.07604,   0.02292
   9.37500, 350.59912,   1.76731,  -0.07604,   0.02292
   9.37500, 523.88904,   1.77520,  -0.07672,   0.02303
   9.37500, 741.57727,   1.77994,  -0.07713,   0.02309
   9.37500, 741.57727,   1.77994,  -0.07713,   0.02309
   9.37500, 741.57727,   1.77994,  -0.07713,   0.02309
   9.37500, 741.57727,   1.77994,  -0.07713,   0.02309
   9.37500, 741.57727,   1.77994,  -0.07713,   0.02309
   9.37500, 741.57727,   1.77994,  -0.07713,   0.02309
   9.37500, 741.57727,   1.77994,  -0.07713,   0.02309
   9.37500, 458.83337,   1.77819,  -0.07717,   0.02344
   9.37500, 458.83337,   1.77819,  -0.07717,   0.02344
   9.37500, 413.63809,   1.77614,  -0.07716,   0.02349
   9.37500, 413.63809,   1.77614,  -0.07716,   0.02349
   9.37500, 413.63809,   1.77614,  -0.07716,   0.02349
   9.37500, 413.63809,   1.77614,  -0.07716,   0.02349
   9.37500, 413.63809,   1.77614,  -0.07716,   0.02349
   9.37500, 413.63809,   1.77614,  -0.07716,   0.02349
   9.37500, 455.85043,   1.77491,  -0.07715,   0.02352
   9.37500, 455.85043,   1.77491,  -0.07715,   0.02352
   9.37500, 455.85043,   1.77491,  -0.07715,   0.02352
   9.37500, 455.85043,   1.77491,  -0.07715,   0.02352
   9.37500, 471.40201,   1.77517,  -0.07718,   0.02370
   9.37500, 471.40201,   1.77517,  -0.07718,   0.02370
   9.37500, 471.40201,   1.77517,  -0.07718,   0.02370
   9.37500, 471.40201,   1.77517,  -0.07718,   0.02370
   9.37500, 471.40201,   1.77517,  -0.07718,   0.02370
   9.37500, 453.44189,   1.77406,  -0.07729,   0.02380
   9.37500, 453.44189,   1.77406,  -0.07729,   0.02380
   9.37500, 453.44189,   1.77406,  -0.07729,   0.02380
   9.37500, 453.44189,   1.77406,  -0.07729,   0.02380
   9.37500, 342.62622,   1.76625,  -0.07728,   0.02373
   9.37500, 342.62622,   1.76625,  -0.07728,   0.02373
   9.37500, 342.62622,   1.76625,  -0.07728,   0.02373
   9.37500, 342.62622,   1.76625,  -0.07728,   0.02373
   9.37500, 342.62622,   1.76625,  -0.07728,   0.02373
   9.37500, 542.49939,   1.77317,  -0.07773,   0.02407
   9.37500, 542.49939,   1.77317,  -0.07773,   0.02407
   9.37500, 542.49939,   1.77317,  -0.07773,   0.02407
   9.37500, 542.49939,   1.77317,  -0.07773,   0.02407
   9.37500, 542.49939,   1.77317,  -0.07773,   0.02407
   9.37500, 518.21906,   1.77732,  -0.07801,   0.02427
   9.37500, 518.21906,   1.77732,  -0.07801,   0.02427
   9.37500, 518.21906,   1.77732,  -0.07801,   0.02427
   9.37500, 518.21906,   1.77732,  -0.07801,   0.02427
   9.37500, 518.21906,   1.77732,  -0.07801,   0.02427
   9.37500, 518.21906,   1.77732,  -0.07801,   0.02427
   9.37500, 271.82434,   1.75932,  -0.07742,   0.02392
   9.37500, 271.82434,   1.75932,  -0.07742,   0.02392
   9.37500, 271.82434,   1.75932,  -0.07742,   0.02392
   9.37500, 516.20294,   1.76302,  -0.07775,   0.02369
   9.37500, 516.20294,   1.76302,  -0.07775,   0.02369
   9.37500, 516.20294,   1.76302,  -0.07775,   0.02369
   9.37500, 516.20294,   1.76302,  -0.07775,   0.02369
   9.37500, 516.20294,   1.76302,  -0.07775,   0.02369
   9.37500, 490.43225,   1.76636,  -0.07815,   0.02358
   9.37500, 490.43225,   1.76636,  -0.07815,   0.02358
   9.37500, 490.43225,   1.76636,  -0.07815,   0.02358
   9.37500, 490.43225,   1.76636,  -0.07815,   0.02358
   9.37500, 490.43225,   1.76636,  -0.07815,   0.02358
   9.37500, 418.23846,   1.76367,  -0.07820,   0.02333
   9.37500, 418.23846,   1.76367,  -0.07820,   0.02333
   9.37500, 418.23846,   1.76367,  -0.07820,   0.02333
   9.37500, 418.23846,   1.76367,  -0.07820,   0.02333
   9.37500, 422.62820,   1.76205,  -0.07823,   0.02318
   9.37500, 422.62820,   1.76205,  -0.07823,   0.02318
   9.37500, 422.62820,   1.76205,  -0.07823,   0.02318
   9.37500, 422.62820,   1.76205,  -0.07823,   0.02318
   9.37500, 422.62820,   1.76205,  -0.07823,   0.02318
   9.37500, 422.62820,   1.76205,  -0.07823,   0.02318
   9.37500, 422.62820,   1.76205,  -0.07823,   0.02318
   9.37500, 567.77625,   1.77451,  -0.07882,   0.02340
   9.37500, 567.77625,   1.77451,  -0.07882,   0.02340
   9.37500, 567.77625,   1.77451,  -0.07882,   0.02340
   9.37500, 567.77625,   1.77451,  -0.07882,   0.02340
   9.37500, 249.34969,   1.76080,  -0.07840,   0.02361
   9.37500, 249.34969,   1.76080,  -0.07840,   0.02361
   9.37500, 500.47025,   1.76493,  -0.07857,   0.02358
   9.37500, 500.47025,   1.76493,  -0.07857,   0.02358
   9.37500, 500.47025,   1.76493,  -0.07857,   0.02358
   9.37500, 500.47025,   1.76493,  -0.07857,   0.02358
   9.37500, 500.47025,   1.76493,  -0.07857,   0.02358
   9.37500, 500.47025,   1.76493,  -0.07857,   0.02358
   9.37500, 488.12009,   1.76833,  -0.07850,   0.02335
   9.37500, 488.12009,   1.76833,  -0.07850,   0.02335
   9.37500, 488.12009,   1.76833,  -0.07850,   0.02335
   9.37500, 488.12009,   1.76833,  -0.07850,   0.02335
   9.37500, 526.02411,   1.77277,  -0.07826,   0.02325
   9.37500, 526.02411,   1.77277,  -0.07826,   0.02325
   9.37500, 526.02411,   1.77277,  -0.07826,   0.02325
   9.37500, 526.02411,   1.77277,  -0.07826,   0.02325
   9.37500, 508.50824,   1.77562,  -0.07793,   0.02300
   9.37500, 508.50824,   1.77562,  -0.07793,   0.02300
   9.37500, 508.50824,   1.77562,  -0.07793,   0.02300
   9.37500, 508.50824,   1.77562,  -0.07793,   0.02300
   9.37500, 508.50824,   1.77562,  -0.07793,   0.02300
   9.37500, 490.62152,   1.77732,  -0.07774,   0.02285
   9.37500, 490.62152,   1.77732,  -0.07774,   0.02285
   9.37500, 490.62152,   1.77732,  -0.07774,   0.02285
   9.37500, 490.62152,   1.77732,  -0.07774,   0.02285
   9.37500, 245.73256,   1.76295,  -0.07661,   0.02255
   9.37500, 245.73256,   1.76295,  -0.07661,   0.02255
   9.37500, 245.73256,   1.76295,  -0.07661,   0.02255
   9.37500, 245.73256,   1.76295,  -0.07661,   0.02255
   9.37500, 245.73256,   1.76295,  -0.07661,   0.02255
   9.37500, 245.73256,   1.76295,  -0.07661,   0.02255
   9.37500, 433.11603,   1.76170,  -0.07625,   0.02253
   9.37500, 433.11603,   1.76170,  -0.07625,   0.02253
   9.37500, 433.11603,   1.76170,  -0.07625,   0.02253
   9.37500, 433.11603,   1.76170,  -0.07625,   0.02253
   9.37500, 433.11603,   1.76170,  -0.07625,   0.02253
   9.37500, 417.48840,   1.75961,  -0.07616,   0.02229
   9.37500, 417.48840,   1.75961,  -0.07616,   0.02229
   9.37500, 417.48840,   1.75961,  -0.07616,   0.02229
   9.37500, 417.48840,   1.75961,  -0.07616,   0.02229
   9.37500, 417.48840,   1.75961,  -0.07616,   0.02229
   9.37500, 545.97241,   1.76760,  -0.07648,   0.02188
   9.37500, 545.97241,   1.76760,  -0.07648,   0.02188
   9.37500, 545.97241,   1.76760,  -0.07648,   0.02188
   9.37500, 545.97241,   1.76760,  -0.07648,   0.02188
   9.37500, 545.97241,   1.76760,  -0.07648,   0.02188
   9.37500, 411.81329,   1.76430,  -0.07650,   0.02161
   9.37500, 411.81329,   1.76430,  -0.07650,   0.02161
   9.37500, 411.81329,   1.76430,  -0.07650,   0.02161
   9.37500, 411.81329,   1.76430,  -0.07650,   0.02161
   9.37500, 411.81329,   1.76430,  -0.07650,   0.02161
   9.37500, 424.28717,   1.76232,  -0.07651,   0.02144
   9.37500, 424.28717,   1.76232,  -0.07651,   0.02144
   9.37500, 424.28717,   1.76232,  -0.07651,   0.02144
   9.37500, 667.68036,   1.77359,  -0.07724,   0.02107
   9.37500, 667.68036,   1.77359,  -0.07724,   0.02107
   9.37500, 667.68036,   1.77359,  -0.07724,   0.02107
   9.37500, 667.68036,   1.77359,  -0.07724,   0.02107
   9.37500, 440.22241,   1.77191,  -0.07678,   0.02082
   9.37500, 440.22241,   1.77191,  -0.07678,   0.02082
   9.37500, 440.22241,   1.77191,  -0.07678,   0.02082
   9.37500, 440.22241,   1.77191,  -0.07678,   0.02082
   9.37500, 387.25095,   1.76712,  -0.07631,   0.02038
   9.37500, 387.25095,   1.76712,  -0.07631,   0.02038
   9.37500, 387.25095,   1.76712,  -0.07631,   0.02038
   9.37500, 387.25095,   1.76712,  -0.07631,   0.02038
   9.37500, 387.25095,   1.76712,  -0.07631,   0.02038
   9.37500, 416.81128,   1.76424,  -0.07604,   0.02012
   9.37500, 416.81128,   1.76424,  -0.07604,   0.02012
   9.37500, 416.81128,   1.76424,  -0.07604,   0.02012
   9.37500, 416.81128,   1.76424,  -0.07604,   0.02012
   9.37500, 416.81128,   1.76424,  -0.07604,   0.02012
   9.37500, 427.02411,   1.76252,  -0.07587,   0.01996
   9.37500, 427.02411,   1.76252,  -0.07587,   0.01996
   9.37500, 427.02411,   1.76252,  -0.07587,   0.01996
   9.37500, 427.02411,   1.76252,  -0.07587,   0.01996
   9.37500, 504.25021,   1.76620,  -0.07636,   0.01957
   9.37500, 504.25021,   1.76620,  -0.07636,   0.01957
   9.37500, 504.25021,   1.76620,  -0.07636,   0.01957
   9.37500, 504.25021,   1.76620,  -0.07636,   0.01957
   9.37500, 504.25021,   1.76620,  -0.07636,   0.01957
   9.37500, 662.22412,   1.78231,  -0.07743,   0.01950
   9.37500, 662.22412,   1.78231,  -0.07743,   0.01950
   9.37500, 662.22412,   1.78231,  -0.07743,   0.01950
   9.37500, 662.22412,   1.78231,  -0.07743,   0.01950
   9.37500, 434.33179,   1.77943,  -0.07755,   0.01952
   9.37500, 434.33179,   1.77943,  -0.07755,   0.01952
   9.37500, 434.33179,   1.77943,  -0.07755,   0.01952
   9.37500, 434.33179,   1.77943,  -0.07755,   0.01952
   9.37500, 434.33179,   1.77943,  -0.07755,   0.01952
   9.37500, 501.69559,   1.78149,  -0.07758,   0.01921
   9.37500, 501.69559,   1.78149,  -0.07758,   0.01921
   9.37500, 501.69559,   1.78149,  -0.07758,   0.01921
   9.37500, 501.69559,   1.78149,  -0.07758,   0.01921
   9.37500, 501.69559,   1.78149,  -0.07758,   0.01921
   9.37500, 634.13574,   1.79339,  -0.07823,   0.01932
   9.37500, 634.13574,   1.79339,  -0.07823,   0.01932
   9.37500, 634.13574,   1.79339,  -0.07823,   0.01932
   9.37500, 634.13574,   1.79339,  -0.07823,   0.01932
   9.37500, 622.32422,   1.80123,  -0.07865,   0.01902
   9.37500, 622.32422,   1.80123,  -0.07865,   0.01902
   9.37500, 622.32422,   1.80123,  -0.07865,   0.01902
   9.37500, 622.32422,   1.80123,  -0.07865,   0.01902
   9.37500, 622.32422,   1.80123,  -0.07865,   0.01902
   9.37500, 398.49957,   1.79246,  -0.07835,   0.01851
   9.37500, 398.49957,   1.79246,  -0.07835,   0.01851
   9.37500, 398.49957,   1.79246,  -0.07835,   0.01851
   9.37500, 398.49957,   1.79246,  -0.07835,   0.01851
   9.37500, 398.49957,   1.79246,  -0.07835,   0.01851
   9.37500, 473.07373,   1.79060,  -0.07847,   0.01865
   9.37500, 473.07373,   1.79060,  -0.07847,   0.01865
   9.37500, 473.07373,   1.79060,  -0.07847,   0.01865
   9.37500, 473.07373,   1.79060,  -0.07847,   0.01865
   9.37500, 473.07373,   1.79060,  -0.07847,   0.01865
   9.37500, 432.68024,   1.78587,  -0.07818,   0.01867
   9.37500, 432.68024,   1.78587,  -0.07818,   0.01867
   9.37500, 432.68024,   1.78587,  -0.07818,   0.01867
   9.37500, 432.68024,   1.78587,  -0.07818,   0.01867
   9.37500, 441.20038,   1.78304,  -0.07800,   0.01868
   9.37500, 441.20038,   1.78304,  -0.07800,   0.01868
   9.37500, 441.20038,   1.78304,  -0.07800,   0.01868
   9.37500, 441.20038,   1.78304,  -0.07800,   0.01868
   9.37500, 441.20038,   1.78304,  -0.07800,   0.01868
   9.37500, 441.20038,   1.78304,  -0.07800,   0.01868
   9.37500, 489.73975,   1.78381,  -0.07825,   0.01871
   9.37500, 489.73975,   1.78381,  -0.07825,   0.01871
   9.37500, 489.73975,   1.78381,  -0.07825,   0.01871
   9.37500, 491.89328,   1.78427,  -0.07839,   0.01872
   9.37500, 491.89328,   1.78427,  -0.07839,   0.01872
   9.37500, 491.89328,   1.78427,  -0.07839,   0.01872
   9.37500, 491.89328,   1.78427,  -0.07839,   0.01872
   9.37500, 491.89328,   1.78427,  -0.07839,   0.01872
   9.37500, 619.34241,   1.79479,  -0.07909,   0.01903
   9.37500, 619.34241,   1.79479,  -0.07909,   0.01903
   9.37500, 619.34241,   1.79479,  -0.07909,   0.01903
   9.37500, 619.34241,   1.79479,  -0.07909,   0.01903
   9.37500, 619.34241,   1.79479,  -0.07909,   0.01903
   9.37500, 409.17081,   1.78773,  -0.07893,   0.01889
   9.37500, 409.17081,   1.78773,  -0.07893,   0.01889
   9.37500, 409.17081,   1.78773,  -0.07893,   0.01889
   9.37500, 409.17081,   1.78773,  -0.07893,   0.01889
   9.37500, 409.17081,   1.78773,  -0.07893,   0.01889
   9.37500, 409.17081,   1.78773,  -0.07893,   0.01889
   9.37500, 409.17081,   1.78773,  -0.07893,   0.01889
   9.37500, 409.17081,   1.78773,  -0.07893,   0.01889
   9.37500, 409.17081,   1.78773,  -0.07893,   0.01889
   9.37500, 409.17081,   1.78773,  -0.07893,   0.01889
   9.37500, 471.70670,   1.78647,  -0.07912,   0.01883
   9.37500, 471.70670,   1.78647,  -0.07912,   0.01883
   9.37500, 471.70670,   1.78647,  -0.07912,   0.01883
   9.37500, 471.70670,   1.78647,  -0.07912,   0.01883
   9.37500, 475.09311,   1.78571,  -0.07924,   0.01879
   9.37500, 475.09311,   1.78571,  -0.07924,   0.01879
   9.37500, 475.09311,   1.78571,  -0.07924,   0.01879
   9.37500, 475.09311,   1.78571,  -0.07924,   0.01879
   9.37500, 644.53015,   1.79582,  -0.07958,   0.01871
   9.37500, 644.53015,   1.79582,  -0.07958,   0.01871
   9.37500, 644.53015,   1.79582,  -0.07958,   0.01871
   9.37500, 644.53015,   1.79582,  -0.07958,   0.01871
   9.37500, 644.53015,   1.79582,  -0.07958,   0.01871
   9.37500, 581.73627,   1.80189,  -0.07978,   0.01866
   9.37500, 581.73627,   1.80189,  -0.07978,   0.01866
   9.37500, 581.73627,   1.80189,  -0.07978,   0.01866
   9.37500, 581.73627,   1.80189,  -0.07978,   0.01866
   9.37500, 581.73627,   1.80189,  -0.07978,   0.01866
   9.37500, 406.91342,   1.79373,  -0.07961,   0.01832
   9.37500, 406.91342,   1.79373,  -0.07961,   0.01832
   9.37500, 406.91342,   1.79373,  -0.07961,   0.01832
   9.37500, 406.91342,   1.79373,  -0.07961,   0.01832
   9.37500, 406.91342,   1.79373,  -0.07961,   0.01832
   9.37500, 406.00699,   1.78656,  -0.07916,   0.01810
   9.37500, 406.00699,   1.78656,  -0.07916,   0.01810
   9.37500, 406.00699,   1.78656,  -0.07916,   0.01810
   9.37500, 406.00699,   1.78656,  -0.07916,   0.01810
   9.37500, 418.94925,   1.78226,  -0.07889,   0.01798
   9.37500, 418.94925,   1.78226,  -0.07889,   0.01798
   9.37500, 418.94925,   1.78226,  -0.07889,   0.01798
   9.37500, 418.94925,   1.78226,  -0.07889,   0.01798
   9.37500, 418.94925,   1.78226,  -0.07889,   0.01798
   9.37500, 446.56799,   1.77967,  -0.07873,   0.01790
   9.37500, 446.56799,   1.77967,  -0.07873,   0.01790
   9.37500, 446.56799,   1.77967,  -0.07873,   0.01790
   9.37500, 446.56799,   1.77967,  -0.07873,   0.01790
   9.37500, 446.56799,   1.77967,  -0.07873,   0.01790
  46.87500, 463.25903,   1.77873,  -0.07831,   0.01748
  46.87500, 463.25903,   1.77873,  -0.07831,   0.01748
  46.87500, 463.25903,   1.77873,  -0.07831,   0.01748
  46.87500, 463.25903,   1.77873,  -0.07831,   0.01748
  75.00000, 463.87448,   1.77810,  -0.07775,   0.01725
  75.00000, 463.87448,   1.77810,  -0.07775,   0.01725
  75.00000, 463.87448,   1.77810,  -0.07775,   0.01725
  75.00000, 463.87448,   1.77810,  -0.07775,   0.01725
  75.00000, 463.87448,   1.77810,  -0.07775,   0.01725
 121.87500, 330.86163,   1.76715,  -0.07697,   0.01683
 121.87500, 330.86163,   1.76715,  -0.07697,   0.01683
 121.87500, 330.86163,   1.76715,  -0.07697,   0.01683
 121.87500, 330.86163,   1.76715,  -0.07697,   0.01683
 121.87500, 330.86163,   1.76715,  -0.07697,   0.01683
 206.25000, 498.85239,   1.77059,  -0.07687,   0.01650
 206.25000, 498.85239,   1.77059,  -0.07687,   0.01650
 206.25000, 498.85239,   1.77059,  -0.07687,   0.01650
 206.25000, 498.85239,   1.77059,  -0.07687,   0.01650
 215.62500, 511.45416,   1.77387,  -0.07708,   0.01610
 215.62500, 511.45416,   1.77387,  -0.07708,   0.01610
 215.62500, 511.45416,   1.77387,  -0.07708,   0.01610
 215.62500, 511.45416,   1.77387,  -0.07708,   0.01610
 215.62500, 511.45416,   1.77387,  -0.07708,   0.01610
 215.62500, 511.45416,   1.77387,  -0.07708,   0.01610
 215.62500, 511.45416,   1.77387,  -0.07708,   0.01610
 243.75000, 484.83170,   1.77584,  -0.07721,   0.01586
 243.75000, 484.83170,   1.77584,  -0.07721,   0.01586
 243.75000, 484.83170,   1.77584,  -0.07721,   0.01586
 243.75000, 484.83170,   1.77584,  -0.07721,   0.01586
 496.87500, 487.50681,   1.77702,  -0.07728,   0.01571
 496.87500, 487.50681,   1.77702,  -0.07728,   0.01571
 496.87500, 487.50681,   1.77702,  -0.07728,   0.01571
 496.87500, 487.50681,   1.77702,  -0.07728,   0.01571
 750.00000, 682.49115,   1.79044,  -0.07770,   0.01577
 750.00000, 682.49115,   1.79044,  -0.07770,   0.01577
 750.00000, 682.49115,   1.79044,  -0.07770,   0.01577
 750.00000, 682.49115,   1.79044,  -0.07770,   0.01577
 956.25000, 403.74271,   1.78470,  -0.07717,   0.01529
 956.25000, 403.74271,   1.78470,  -0.07717,   0.01529
 956.25000, 403.74271,   1.78470,  -0.07717,   0.01529
 956.25000, 403.74271,   1.78470,  -0.07717,   0.01529
 956.25000, 403.74271,   1.78470,  -0.07717,   0.01529
 956.25000, 403.74271,   1.78470,  -0.07717,   0.01529
1200.00000, 457.07013,   1.78230,  -0.07668,   0.01523
1200.00000, 457.07013,   1.78230,  -0.07668,   0.01523
1200.00000, 457.07013,   1.78230,  -0.07668,   0.01523
1200.00000, 457.07013,   1.78230,  -0.07668,   0.01523
1200.00000, 457.11664,   1.78085,  -0.07639,   0.01520
1200.00000, 457.11664,   1.78085,  -0.07639,   0.01520
1200.00000, 457.11664,   1.78085,  -0.07639,   0.01520
1200.00000, 457.11664,   1.78085,  -0.07639,   0.01520
1200.00000, 510.38577,   1.78295,  -0.07623,   0.01483
1200.00000, 510.38577,   1.78295,  -0.07623,   0.01483
1200.00000, 510.38577,   1.78295,  -0.07623,   0.01483
1200.00000, 510.38577,   1.78295,  -0.07623,   0.01483
1200.00000, 498.50986,   1.78406,  -0.07502,   0.01461
1200.00000, 498.50986,   1.78406,  -0.07502,   0.01461
1200.00000, 498.50986,   1.78406,  -0.07502,   0.01461
1200.00000, 498.50986,   1.78406,  -0.07502,   0.01461
1200.00000, 498.50986,   1.78406,  -0.07502,   0.01461
1200.00000, 491.49503,   1.78472,  -0.07287,   0.01448
1200.00000, 491.49503,   1.78472,  -0.07287,   0.01448
1200.00000, 491.49503,   1.78472,  -0.07287,   0.01448
1200.00000, 491.49503,   1.78472,  -0.07287,   0.01448
1200.00000, 491.49503,   1.78472,  -0.07287,   0.01448
1200.00000, 491.49503,   1.78472,  -0.07287,   0.01448
1200.00000, 491.49503,   1.78472,  -0.07287,   0.01448
1200.00000, 491.49503,   1.78472,  -0.07287,   0.01448
1200.00000, 487.53085,   1.78512,  -0.07158,   0.01440
1200.00000,1071.91382,   1.79536,  -0.06848,   0.01388
1200.00000,1071.91382,   1.79536,  -0.06848,   0.01388
1200.00000,1071.91382,   1.79536,  -0.06848,   0.01388
1200.00000,1071.91382,   1.79536,  -0.06848,   0.01388
1200.00000,1071.91382,   1.79536,  -0.06848,   0.01388
1200.00000, 115.47604,   1.76537,  -0.06314,   0.01349
1200.00000, 115.47604,   1.76537,  -0.06314,   0.01349
1200.00000, 115.47604,   1.76537,  -0.06314,   0.01349
1200.00000, 115.47604,   1.76537,  -0.06314,   0.01349
1200.00000, 115.47604,   1.76537,  -0.06314,   0.01349
1200.00000, 326.53412,   1.75571,  -0.05741,   0.01315
1200.00000, 326.53412,   1.75571,  -0.05741,   0.01315
1200.00000, 326.53412,   1.75571,  -0.05741,   0.01315
1200.00000, 326.53412,   1.75571,  -0.05741,   0.01315
1200.00000, 326.53412,   1.75571,  -0.05741,   0.01315
1200.00000, 253.13275,   1.74159,  -0.05031,   0.01305
1200.00000, 253.13275,   1.74159,  -0.05031,   0.01305
1200.00000, 253.13275,   1.74159,  -0.05031,   0.01305
1200.00000, 253.13275,   1.74159,  -0.05031,   0.01305
1200.00000, 408.63275,   1.74146,  -0.04269,   0.01322
1200.00000, 408.63275,   1.74146,  -0.04269,   0.01322
1200.00000, 408.63275,   1.74146,  -0.04269,   0.01322
1200.00000, 408.63275,   1.74146,  -0.04269,   0.01322
1200.00000, 264.03851,   1.73214,  -0.03366,   0.01392
1200.00000, 264.03851,   1.73214,  -0.03366,   0.01392
1200.00000, 264.03851,   1.73214,  -0.03366,   0.01392
1200.00000, 264.03851,   1.73214,  -0.03366,   0.01392
1200.00000, 264.03851,   1.73214,  -0.03366,   0.01392
1200.00000, 294.27322,   1.72438,  -0.02326,   0.01500
1200.00000, 294.27322,   1.72438,  -0.02326,   0.01500
1200.00000, 294.27322,   1.72438,  -0.02326,   0.01500
1200.00000, 294.27322,   1.72438,  -0.02326,   0.01500
1200.00000, 294.27322,   1.72438,  -0.02326,   0.01500
1200.00000, 317.42612,   1.71975,  -0.01155,   0.01634
1200.00000, 317.42612,   1.71975,  -0.01155,   0.01634
1200.00000, 317.42612,   1.71975,  -0.01155,   0.01634
1200.00000, 317.42612,   1.71975,  -0.01155,   0.01634
1200.00000, 330.60013,   1.71702,   0.00094,   0.01822
1200.00000, 330.60013,   1.71702,   0.00094,   0.01822
1200.00000, 330.60013,   1.71702,   0.00094,   0.01822
1200.00000, 330.60013,   1.71702,   0.00094,   0.01822
1200.00000, 330.60013,   1.71702,   0.00094,   0.01822
1200.00000, 330.60013,   1.71702,   0.00094,   0.01822
1200.00000, 135.35092,   1.69594,   0.01442,   0.02058
1200.00000, 135.35092,   1.69594,   0.01442,   0.02058
1200.00000, 135.35092,   1.69594,   0.01442,   0.02058
1200.00000, 506.37888,   1.70446,   0.02927,   0.02416
1200.00000, 506.37888,   1.70446,   0.02927,   0.02416
1200.00000, 506.37888,   1.70446,   0.02927,   0.02416
1200.00000, 506.37888,   1.70446,   0.02927,   0.02416
1200.00000, 506.37888,   1.70446,   0.02927,   0.02416
1200.00000, 413.38052,   1.70958,   0.03818,   0.02632
1200.00000, 413.38052,   1.70958,   0.03818,   0.02632
1200.00000, 413.38052,   1.70958,   0.03818,   0.02632
1200.00000, 413.38052,   1.70958,   0.03818,   0.02632
1200.00000, 413.38052,   1.70958,   0.03818,   0.02632
1200.00000, 248.72031,   1.70125,   0.05569,   0.03148
1200.00000, 248.72031,   1.70125,   0.05569,   0.03148
1200.00000, 248.72031,   1.70125,   0.05569,   0.03148
1200.00000, 248.72031,   1.70125,   0.05569,   0.03148
1200.00000, 137.63792,   1.68831,   0.07227,   0.03710
1200.00000, 137.63792,   1.68831,   0.07227,   0.03710
1200.00000, 137.63792,   1.68831,   0.07227,   0.03710
1200.00000, 137.63792,   1.68831,   0.07227,   0.03710
1200.00000, 137.63792,   1.68831,   0.07227,   0.03710
1200.00000, 137.63792,   1.68831,   0.07227,   0.03710
1200.00000, 238.25011,   1.68093,   0.08910,   0.04367
1200.00000, 238.25011,   1.68093,   0.08910,   0.04367
1200.00000, 238.25011,   1.68093,   0.08910,   0.04367
1200.00000, 238.25011,   1.68093,   0.08910,   0.04367
1200.00000, 352.05371,   1.68375,   0.10642,   0.05102
1200.00000, 352.05371,   1.68375,   0.10642,   0.05102
1200.00000, 352.05371,   1.68375,   0.10642,   0.05102
1200.00000, 352.05371,   1.68375,   0.10642,   0.05102
1200.00000, 244.14194,   1.67940,   0.12326,   0.05852
1200.00000, 244.14194,   1.67940,   0.12326,   0.05852
1200.00000, 244.14194,   1.67940,   0.12326,   0.05852
1200.00000, 244.14194,   1.67940,   0.12326,   0.05852
1200.00000, 244.14194,   1.67940,   0.12326,   0.05852
1200.00000, 244.14194,   1.67940,   0.12326,   0.05852
1200.00000, 244.14194,   1.67940,   0.12326,   0.05852
1200.00000, 244.14194,   1.67940,   0.12326,   0.05852
1200.00000, 244.14194,   1.67940,   0.12326,   0.05852
1200.00000, 273.33984,   1.67546,   0.13904,   0.06668
1200.00000, 273.33984,   1.67546,   0.13904,   0.06668
1200.00000, 307.15021,   1.67576,   0.15501,   0.07535
1200.00000, 307.15021,   1.67576,   0.15501,   0.07535
1200.00000, 307.15021,   1.67576,   0.15501,   0.07535
1200.00000, 307.15021,   1.67576,   0.15501,   0.07535
1200.00000, 416.18390,   1.68322,   0.17056,   0.08503
1200.00000, 416.18390,   1.68322,   0.17056,   0.08503
1200.00000, 416.18390,   1.68322,   0.17056,   0.08503
1200.00000, 416.18390,   1.68322,   0.17056,   0.08503
1200.00000, 382.51331,   1.68769,   0.17989,   0.09083
1200.00000, 382.51331,   1.68769,   0.17989,   0.09083
1200.00000, 382.51331,   1.68769,   0.17989,   0.09083
1200.00000, 382.51331,   1.68769,   0.17989,   0.09083
1200.00000, 455.18890,   1.69626,   0.19682,   0.10335
1200.00000, 455.18890,   1.69626,   0.19682,   0.10335
1200.00000, 455.18890,   1.69626,   0.19682,   0.10335
1200.00000, 455.18890,   1.69626,   0.19682,   0.10335
1200.00000, 455.18890,   1.69626,   0.19682,   0.10335
1200.00000, 411.56293,   1.70223,   0.21187,   0.11503
1200.00000, 411.56293,   1.70223,   0.21187,   0.11503
1200.00000, 411.56293,   1.70223,   0.21187,   0.11503
1200.00000, 411.56293,   1.70223,   0.21187,   0.11503
1200.00000, 411.56293,   1.70223,   0.21187,   0.11503
1200.00000, 385.32184,   1.70544,   0.22422,   0.12580
1200.00000, 385.32184,   1.70544,   0.22422,   0.12580
1200.00000, 385.32184,   1.70544,   0.22422,   0.12580
1200.00000, 385.32184,   1.70544,   0.22422,   0.12580
1200.00000, 377.17593,   1.70721,   0.23491,   0.13598
1200.00000, 377.17593,   1.70721,   0.23491,   0.13598
1200.00000, 377.17593,   1.70721,   0.23491,   0.13598
1200.00000, 377.17593,   1.70721,   0.23491,   0.13598
1200.00000, 377.17593,   1.70721,   0.23491,   0.13598
1200.00000, 476.26410,   1.71678,   0.24494,   0.14667
1200.00000, 476.26410,   1.71678,   0.24494,   0.14667
1200.00000, 476.26410,   1.71678,   0.24494,   0.14667
1200.00000, 476.26410,   1.71678,   0.24494,   0.14667
1200.00000, 476.26410,   1.71678,   0.24494,   0.14667
1200.00000, 536.43677,   1.72973,   0.25489,   0.15741
1200.00000, 536.43677,   1.72973,   0.25489,   0.15741
1200.00000, 536.43677,   1.72973,   0.25489,   0.15741
1200.00000, 536.43677,   1.72973,   0.25489,   0.15741
1200.00000, 390.24979,   1.72971,   0.26158,   0.16638
1200.00000, 390.24979,   1.72971,   0.26158,   0.16638
1200.00000, 390.24979,   1.72971,   0.26158,   0.16638
1200.00000, 390.24979,   1.72971,   0.26158,   0.16638
1200.00000, 390.24979,   1.72971,   0.26158,   0.16638
1200.00000, 399.33295,   1.73040,   0.26847,   0.17668
1200.00000, 399.33295,   1.73040,   0.26847,   0.17668
1200.00000, 399.33295,   1.73040,   0.26847,   0.17668
1200.00000, 399.33295,   1.73040,   0.26847,   0.17668
1200.00000, 399.33295,   1.73040,   0.26847,   0.17668
1200.00000, 669.44385,   1.75207,   0.27851,   0.19060
1200.00000, 669.44385,   1.75207,   0.27851,   0.19060
1200.00000, 669.44385,   1.75207,   0.27851,   0.19060
1200.00000, 669.44385,   1.75207,   0.27851,   0.19060
1200.00000, 669.44385,   1.75207,   0.27851,   0.19060
1200.00000, 463.67282,   1.75482,   0.28444,   0.20036
1200.00000, 463.67282,   1.75482,   0.28444,   0.20036
1200.00000, 463.67282,   1.75482,   0.28444,   0.20036
1200.00000, 463.67282,   1.75482,   0.28444,   0.20036
1200.00000, 382.43927,   1.75159,   0.28788,   0.20738
1200.00000, 382.43927,   1.75159,   0.28788,   0.20738
1200.00000, 382.43927,   1.75159,   0.28788,   0.20738
1200.00000, 382.43927,   1.75159,   0.28788,   0.20738
1200.00000, 359.13742,   1.74719,   0.29001,   0.21321
1200.00000, 359.13742,   1.74719,   0.29001,   0.21321
1200.00000, 359.13742,   1.74719,   0.29001,   0.21321
1200.00000, 359.13742,   1.74719,   0.29001,   0.21321
1200.00000, 359.13742,   1.74719,   0.29001,   0.21321
1200.00000, 359.13742,   1.74719,   0.29001,   0.21321
1200.00000, 342.95691,   1.74023,   0.29106,   0.21924
1200.00000, 342.95691,   1.74023,   0.29106,   0.21924
1200.00000, 342.95691,   1.74023,   0.29106,   0.21924
1200.00000, 342.95691,   1.74023,   0.29106,   0.21924
1200.00000, 343.37335,   1.73605,   0.29169,   0.22285
1200.00000, 343.37335,   1.73605,   0.29169,   0.22285
1200.00000, 343.37335,   1.73605,   0.29169,   0.22285
1200.00000, 343.37335,   1.73605,   0.29169,   0.22285
1200.00000, 164.83003,   1.72079,   0.28990,   0.22995
1200.00000, 164.83003,   1.72079,   0.28990,   0.22995
1200.00000, 164.83003,   1.72079,   0.28990,   0.22995
1200.00000, 164.83003,   1.72079,   0.28990,   0.22995
1200.00000, 164.83003,   1.72079,   0.28990,   0.22995
1200.00000, 235.20007,   1.70995,   0.28792,   0.23600
1200.00000, 235.20007,   1.70995,   0.28792,   0.23600
1200.00000, 235.20007,   1.70995,   0.28792,   0.23600
1200.00000, 235.20007,   1.70995,   0.28792,   0.23600
1200.00000, 235.20007,   1.70995,   0.28792,   0.23600
1200.00000, 240.55995,   1.70153,   0.28535,   0.24205
1200.00000, 240.55995,   1.70153,   0.28535,   0.24205
1200.00000, 240.55995,   1.70153,   0.28535,   0.24205
1200.00000, 240.55995,   1.70153,   0.28535,   0.24205
1200.00000, 240.55995,   1.70153,   0.28535,   0.24205
1200.00000, 211.19757,   1.69134,   0.28169,   0.24678
1200.00000, 211.19757,   1.69134,   0.28169,   0.24678
1200.00000, 211.19757,   1.69134,   0.28169,   0.24678
1200.00000, 211.19757,   1.69134,   0.28169,   0.24678
1200.00000, 425.76190,   1.69773,   0.27912,   0.25369
1200.00000, 425.76190,   1.69773,   0.27912,   0.25369
1200.00000, 425.76190,   1.69773,   0.27912,   0.25369
1200.00000, 425.76190,   1.69773,   0.27912,   0.25369
1200.00000, 425.76190,   1.69773,   0.27912,   0.25369
1200.00000, 385.30865,   1.70155,   0.27483,   0.25939
1200.00000, 385.30865,   1.70155,   0.27483,   0.25939
1200.00000, 385.30865,   1.70155,   0.27483,   0.25939
1200.00000, 385.30865,   1.70155,   0.27483,   0.25939
1200.00000, 371.73941,   1.70340,   0.26878,   0.26410
1200.00000, 371.73941,   1.70340,   0.26878,   0.26410
1200.00000, 371.73941,   1.70340,   0.26878,   0.26410
1200.00000, 371.73941,   1.70340,   0.26878,   0.26410
1200.00000, 371.73941,   1.70340,   0.26878,   0.26410
1200.00000, 367.27921,   1.70507,   0.26128,   0.26822
1200.00000, 367.27921,   1.70507,   0.26128,   0.26822
1200.00000, 367.27921,   1.70507,   0.26128,   0.26822
1200.00000, 367.27921,   1.70507,   0.26128,   0.26822
1200.00000, 367.27921,   1.70507,   0.26128,   0.26822
1200.00000, 221.67903,   1.69526,   0.25119,   0.26951
1200.00000, 221.67903,   1.69526,   0.25119,   0.26951
1200.00000, 221.67903,   1.69526,   0.25119,   0.26951
1200.00000, 221.67903,   1.69526,   0.25119,   0.26951
1200.00000, 327.08807,   1.69495,   0.24137,   0.27134
1200.00000, 327.08807,   1.69495,   0.24137,   0.27134
1200.00000, 327.08807,   1.69495,   0.24137,   0.27134
1200.00000, 327.08807,   1.69495,   0.24137,   0.27134
1200.00000, 327.08807,   1.69495,   0.24137,   0.27134
1200.00000, 238.00739,   1.68774,   0.22965,   0.27115
1200.00000, 238.00739,   1.68774,   0.22965,   0.27115
1200.00000, 238.00739,   1.68774,   0.22965,   0.27115
1200.00000, 238.00739,   1.68774,   0.22965,   0.27115
1200.00000, 238.00739,   1.68774,   0.22965,   0.27115
1200.00000, 502.14383,   1.70189,   0.21981,   0.27297
1200.00000, 502.14383,   1.70189,   0.21981,   0.27297
1200.00000, 502.14383,   1.70189,   0.21981,   0.27297
1200.00000, 502.14383,   1.70189,   0.21981,   0.27297
1200.00000, 338.69162,   1.70160,   0.20689,   0.27165
1200.00000, 338.69162,   1.70160,   0.20689,   0.27165
1200.00000, 338.69162,   1.70160,   0.20689,   0.27165
1200.00000, 338.69162,   1.70160,   0.20689,   0.27165
1200.00000, 338.69162,   1.70160,   0.20689,   0.27165
1200.00000, 334.59921,   1.70098,   0.19331,   0.26868
1200.00000, 334.59921,   1.70098,   0.19331,   0.26868
1200.00000, 334.59921,   1.70098,   0.19331,   0.26868
1200.00000, 334.59921,   1.70098,   0.19331,   0.26868
1200.00000, 334.59921,   1.70098,   0.19331,   0.26868
1200.00000, 307.58856,   1.69833,   0.17884,   0.26433
1200.00000, 307.58856,   1.69833,   0.17884,   0.26433
1200.00000, 307.58856,   1.69833,   0.17884,   0.26433
1200.00000, 307.58856,   1.69833,   0.17884,   0.26433
1200.00000, 554.45837,   1.71215,   0.16537,   0.26185
1200.00000, 554.45837,   1.71215,   0.16537,   0.26185
1200.00000, 554.45837,   1.71215,   0.16537,   0.26185
1200.00000, 554.45837,   1.71215,   0.16537,   0.26185
1200.00000, 554.45837,   1.71215,   0.16537,   0.26185
1200.00000, 467.78265,   1.72045,   0.15728,   0.26036
1200.00000, 467.78265,   1.72045,   0.15728,   0.26036
1200.00000, 467.78265,   1.72045,   0.15728,   0.26036
1200.00000, 467.78265,   1.72045,   0.15728,   0.26036
1200.00000, 467.78265,   1.72045,   0.15728,   0.26036
1200.00000, 396.06143,   1.72210,   0.14576,   0.25602
1200.00000, 396.06143,   1.72210,   0.14576,   0.25602
1200.00000, 396.06143,   1.72210,   0.14576,   0.25602
1200.00000, 607.85547,   1.73340,   0.12663,   0.24722
1200.00000, 607.85547,   1.73340,   0.12663,   0.24722
1200.00000, 607.85547,   1.73340,   0.12663,   0.24722
1200.00000, 607.85547,   1.73340,   0.12663,   0.24722
1200.00000, 607.85547,   1.73340,   0.12663,   0.24722
1200.00000, 607.85547,   1.73340,   0.12663,   0.24722
1200.00000, 607.85547,   1.73340,   0.12663,   0.24722
1200.00000, 461.27484,   1.74001,   0.10890,   0.23740
1200.00000, 461.27484,   1.74001,   0.10890,   0.23740
1200.00000, 461.27484,   1.74001,   0.10890,   0.23740
1200.00000, 492.02841,   1.74411,   0.09175,   0.22683
1200.00000, 492.02841,   1.74411,   0.09175,   0.22683
1200.00000, 492.02841,   1.74411,   0.09175,   0.22683
1200.00000, 492.02841,   1.74411,   0.09175,   0.22683
1200.00000, 492.02841,   1.74411,   0.09175,   0.22683
1200.00000, 492.02841,   1.74411,   0.09175,   0.22683
1200.00000, 492.02841,   1.74411,   0.09175,   0.22683
1200.00000, 492.02841,   1.74411,   0.09175,   0.22683
1200.00000, 492.02841,   1.74411,   0.09175,   0.22683
1200.00000, 532.99414,   1.75894,   0.07571,   0.21661
1200.00000, 532.99414,   1.75894,   0.07571,   0.21661
1200.00000, 532.99414,   1.75894,   0.07571,   0.21661
1200.00000, 532.99414,   1.75894,   0.07571,   0.21661
1200.00000, 532.99414,   1.75894,   0.07571,   0.21661
1200.00000, 566.61316,   1.76868,   0.06020,   0.20519
1200.00000, 566.61316,   1.76868,   0.06020,   0.20519
1200.00000, 566.61316,   1.76868,   0.06020,   0.20519
1200.00000, 566.61316,   1.76868,   0.06020,   0.20519
1200.00000, 566.61316,   1.76868,   0.06020,   0.20519
1200.00000, 539.15424,   1.77504,   0.04504,   0.19271
1200.00000, 539.15424,   1.77504,   0.04504,   0.19271
1200.00000, 539.15424,   1.77504,   0.04504,   0.19271
1200.00000, 539.15424,   1.77504,   0.04504,   0.19271
1200.00000, 514.57825,   1.77801,   0.03096,   0.17908
1200.00000, 514.57825,   1.77801,   0.03096,   0.17908
1200.00000, 514.57825,   1.77801,   0.03096,   0.17908
1200.00000, 514.57825,   1.77801,   0.03096,   0.17908
1200.00000, 514.57825,   1.77801,   0.03096,   0.17908
1200.00000, 514.57825,   1.77801,   0.03096,   0.17908
1200.00000, 474.37872,   1.77817,   0.01715,   0.16472
1200.00000, 474.37872,   1.77817,   0.01715,   0.16472
1200.00000, 474.37872,   1.77817,   0.01715,   0.16472
1200.00000, 474.37872,   1.77817,   0.01715,   0.16472
1200.00000, 284.14014,   1.76627,   0.00438,   0.14864
1200.00000, 284.14014,   1.76627,   0.00438,   0.14864
1200.00000, 284.14014,   1.76627,   0.00438,   0.14864
1200.00000, 284.14014,   1.76627,   0.00438,   0.14864
1200.00000, 575.71558,   1.77405,  -0.00809,   0.13347
1200.00000, 575.71558,   1.77405,  -0.00809,   0.13347
1200.00000, 575.71558,   1.77405,  -0.00809,   0.13347
1200.00000, 575.71558,   1.77405,  -0.00809,   0.13347
1200.00000, 575.71558,   1.77405,  -0.00809,   0.13347
1200.00000, 343.91995,   1.76460,  -0.01902,   0.11714
1200.00000, 343.91995,   1.76460,  -0.01902,   0.11714
1200.00000, 343.91995,   1.76460,  -0.01902,   0.11714
1200.00000, 343.91995,   1.76460,  -0.01902,   0.11714
1200.00000, 198.89516,   1.74875,  -0.02831,   0.10067
1200.00000, 198.89516,   1.74875,  -0.02831,   0.10067
1200.00000, 198.89516,   1.74875,  -0.02831,   0.10067
1200.00000, 198.89516,   1.74875,  -0.02831,   0.10067
1200.00000, 425.73700,   1.74893,  -0.03639,   0.08505
1200.00000, 425.73700,   1.74893,  -0.03639,   0.08505
1200.00000, 425.73700,   1.74893,  -0.03639,   0.08505
1200.00000, 425.73700,   1.74893,  -0.03639,   0.08505
1200.00000, 425.73700,   1.74893,  -0.03639,   0.08505
1200.00000, 427.21011,   1.74924,  -0.04334,   0.06995
1200.00000, 427.21011,   1.74924,  -0.04334,   0.06995
1200.00000, 427.21011,   1.74924,  -0.04334,   0.06995
1200.00000, 427.21011,   1.74924,  -0.04334,   0.06995
1200.00000, 427.21011,   1.74924,  -0.04334,   0.06995
1200.00000, 426.92599,   1.74948,  -0.04926,   0.05545
1200.00000, 426.92599,   1.74948,  -0.04926,   0.05545
1200.00000, 426.92599,   1.74948,  -0.04926,   0.05545
1200.00000, 426.92599,   1.74948,  -0.04926,   0.05545
1200.00000, 426.92599,   1.74948,  -0.04926,   0.05545
1200.00000, 411.91504,   1.74854,  -0.05417,   0.04133
1200.00000, 411.91504,   1.74854,  -0.05417,   0.04133
1200.00000, 411.91504,   1.74854,  -0.05417,   0.04133
1200.00000, 411.91504,   1.74854,  -0.05417,   0.04133
1200.00000, 426.63028,   1.74880,  -0.05822,   0.02778
1200.00000, 426.63028,   1.74880,  -0.05822,   0.02778
1200.00000, 426.63028,   1.74880,  -0.05822,   0.02778
1200.00000, 426.63028,   1.74880,  -0.05822,   0.02778
1200.00000, 426.63028,   1.74880,  -0.05822,   0.02778
1200.00000, 407.81348,   1.74763,  -0.06060,   0.01489
1200.00000, 407.81348,   1.74763,  -0.06060,   0.01489
1200.00000, 407.81348,   1.74763,  -0.06060,   0.01489
1200.00000, 407.81348,   1.74763,  -0.06060,   0.01489
1200.00000,  35.06149,   1.72318,  -0.06061,   0.00336
1200.00000,  35.06149,   1.72318,  -0.06061,   0.00336
1200.00000,  35.06149,   1.72318,  -0.06061,   0.00336
1200.00000,  35.06149,   1.72318,  -0.06061,   0.00336
1200.00000,  35.06149,   1.72318,  -0.06061,   0.00336
1200.00000, 188.87294,   1.70850,  -0.06062,  -0.00356
1200.00000, 188.87294,   1.70850,  -0.06062,  -0.00356
1200.00000, 188.87294,   1.70850,  -0.06062,  -0.00356
1200.00000, 188.87294,   1.70850,  -0.06062,  -0.00356
1200.00000, 188.87294,   1.70850,  -0.06062,  -0.00356
1200.00000, 394.02362,   1.71156,  -0.05956,  -0.01382
1200.00000, 394.02362,   1.71156,  -0.05956,  -0.01382
1200.00000, 394.02362,   1.71156,  -0.05956,  -0.01382
1200.00000, 394.02362,   1.71156,  -0.05956,  -0.01382
1200.00000, 412.97403,   1.71496,  -0.05741,  -0.02239
1200.00000, 412.97403,   1.71496,  -0.05741,  -0.02239
1200.00000, 412.97403,   1.71496,  -0.05741,  -0.02239
1200.00000, 412.97403,   1.71496,  -0.05741,  -0.02239
1200.00000, 412.97403,   1.71496,  -0.05741,  -0.02239
1200.00000, 407.90704,   1.71822,  -0.05374,  -0.02929
1200.00000, 407.90704,   1.71822,  -0.05374,  -0.02929
1200.00000, 407.90704,   1.71822,  -0.05374,  -0.02929
1200.00000, 407.90704,   1.71822,  -0.05374,  -0.02929
1200.00000, 407.90704,   1.71822,  -0.05374,  -0.02929
1200.00000, 380.45251,   1.71895,  -0.04910,  -0.03443
1200.00000, 380.45251,   1.71895,  -0.04910,  -0.03443
1200.00000, 380.45251,   1.71895,  -0.04910,  -0.03443
1200.00000, 380.45251,   1.71895,  -0.04910,  -0.03443
1200.00000, 348.58942,   1.71746,  -0.04367,  -0.03748
1200.00000, 348.58942,   1.71746,  -0.04367,  -0.03748
1200.00000, 348.58942,   1.71746,  -0.04367,  -0.03748
1200.00000, 348.58942,   1.71746,  -0.04367,  -0.03748
1200.00000, 348.58942,   1.71746,  -0.04367,  -0.03748
1200.00000, 357.31100,   1.71651,  -0.03806,  -0.03928
1200.00000, 357.31100,   1.71651,  -0.03806,  -0.03928
1200.00000, 357.31100,   1.71651,  -0.03806,  -0.03928
1200.00000, 357.31100,   1.71651,  -0.03806,  -0.03928
1200.00000, 357.31100,   1.71651,  -0.03806,  -0.03928
1200.00000, 507.99911,   1.72734,  -0.03171,  -0.03963
1200.00000, 507.99911,   1.72734,  -0.03171,  -0.03963
1200.00000, 507.99911,   1.72734,  -0.03171,  -0.03963
1200.00000, 507.99911,   1.72734,  -0.03171,  -0.03963
1200.00000, 488.50021,   1.73383,  -0.02791,  -0.03985
1200.00000, 488.50021,   1.73383,  -0.02791,  -0.03985
1200.00000, 488.50021,   1.73383,  -0.02791,  -0.03985
1200.00000, 488.50021,   1.73383,  -0.02791,  -0.03985
1200.00000, 488.50021,   1.73383,  -0.02791,  -0.03985
1200.00000, 326.07230,   1.72832,  -0.02259,  -0.03801
1200.00000, 326.07230,   1.72832,  -0.02259,  -0.03801
1200.00000, 326.07230,   1.72832,  -0.02259,  -0.03801
1200.00000, 326.07230,   1.72832,  -0.02259,  -0.03801
1200.00000, 326.07230,   1.72832,  -0.02259,  -0.03801
1200.00000, 678.34753,   1.75082,  -0.01177,  -0.03244
1200.00000, 678.34753,   1.75082,  -0.01177,  -0.03244
1200.00000, 678.34753,   1.75082,  -0.01177,  -0.03244
1200.00000, 678.34753,   1.75082,  -0.01177,  -0.03244
1200.00000, 678.34753,   1.75082,  -0.01177,  -0.03244
1200.00000, 225.05632,   1.73531,  -0.00155,  -0.02564
1200.00000, 225.05632,   1.73531,  -0.00155,  -0.02564
1200.00000, 225.05632,   1.73531,  -0.00155,  -0.02564
1200.00000, 225.05632,   1.73531,  -0.00155,  -0.02564
1200.00000, 471.07526,   1.73981,   0.00812,  -0.01730
1200.00000, 471.07526,   1.73981,   0.00812,  -0.01730
1200.00000, 471.07526,   1.73981,   0.00812,  -0.01730
1200.00000, 471.07526,   1.73981,   0.00812,  -0.01730
1200.00000, 471.07526,   1.73981,   0.00812,  -0.01730
1200.00000, 645.72809,   1.75817,   0.01845,  -0.00752
1200.00000, 645.72809,   1.75817,   0.01845,  -0.00752
1200.00000, 645.72809,   1.75817,   0.01845,  -0.00752
1200.00000, 645.72809,   1.75817,   0.01845,  -0.00752
1200.00000, 611.41846,   1.76919,   0.02464,  -0.00166
1200.00000, 611.41846,   1.76919,   0.02464,  -0.00166
1200.00000, 611.41846,   1.76919,   0.02464,  -0.00166
1200.00000, 611.41846,   1.76919,   0.02464,  -0.00166
1200.00000, 611.41846,   1.76919,   0.02464,  -0.00166
1200.00000, 343.88043,   1.76043,   0.03642,   0.01247
1200.00000, 343.88043,   1.76043,   0.03642,   0.01247
1200.00000, 343.88043,   1.76043,   0.03642,   0.01247
1200.00000, 343.88043,   1.76043,   0.03642,   0.01247
1200.00000, 343.88043,   1.76043,   0.03642,   0.01247
1200.00000, 541.77728,   1.76801,   0.04839,   0.02704
1200.00000, 541.77728,   1.76801,   0.04839,   0.02704
1200.00000, 541.77728,   1.76801,   0.04839,   0.02704
1200.00000, 541.77728,   1.76801,   0.04839,   0.02704
1200.00000, 541.77728,   1.76801,   0.04839,   0.02704
1200.00000, 541.77728,   1.76801,   0.04839,   0.02704
1200.00000, 383.59396,   1.76150,   0.05964,   0.04127
1200.00000, 383.59396,   1.76150,   0.05964,   0.04127
1200.00000, 383.59396,   1.76150,   0.05964,   0.04127
1200.00000, 401.30124,   1.75939,   0.07128,   0.05634
1200.00000, 401.30124,   1.75939,   0.07128,   0.05634
1200.00000, 401.30124,   1.75939,   0.07128,   0.05634
1200.00000, 401.30124,   1.75939,   0.07128,   0.05634
1200.00000, 401.30124,   1.75939,   0.07128,   0.05634
1200.00000, 538.02667,   1.76688,   0.08329,   0.07276
1200.00000, 538.02667,   1.76688,   0.08329,   0.07276
1200.00000, 538.02667,   1.76688,   0.08329,   0.07276
1200.00000, 538.02667,   1.76688,   0.08329,   0.07276
1200.00000, 538.02667,   1.76688,   0.08329,   0.07276
1200.00000, 350.45300,   1.75886,   0.09471,   0.08888
1200.00000, 350.45300,   1.75886,   0.09471,   0.08888
1200.00000, 350.45300,   1.75886,   0.09471,   0.08888
1200.00000, 350.45300,   1.75886,   0.09471,   0.08888
1200.00000, 368.14505,   1.75427,   0.10590,   0.10591
1200.00000, 368.14505,   1.75427,   0.10590,   0.10591
1200.00000, 368.14505,   1.75427,   0.10590,   0.10591
1200.00000, 368.14505,   1.75427,   0.10590,   0.10591
1200.00000, 368.14505,   1.75427,   0.10590,   0.10591
1200.00000, 368.14505,   1.75427,   0.10590,   0.10591
1200.00000, 192.79478,   1.73266,   0.11554,   0.12205
1200.00000, 192.79478,   1.73266,   0.11554,   0.12205
1200.00000, 192.79478,   1.73266,   0.11554,   0.12205
1200.00000, 192.79478,   1.73266,   0.11554,   0.12205
1200.00000, 192.79478,   1.73266,   0.11554,   0.12205
1200.00000, 192.79478,   1.73266,   0.11554,   0.12205
1200.00000, 192.79478,   1.73266,   0.11554,   0.12205
1200.00000, 192.79478,   1.73266,   0.11554,   0.12205
1200.00000, 285.99908,   1.72017,   0.13026,   0.14722
1200.00000, 285.99908,   1.72017,   0.13026,   0.14722
1200.00000, 285.99908,   1.72017,   0.13026,   0.14722
1200.00000, 285.99908,   1.72017,   0.13026,   0.14722
1200.00000, 276.55643,   1.71309,   0.14355,   0.17054
1200.00000, 276.55643,   1.71309,   0.14355,   0.17054
1200.00000, 276.55643,   1.71309,   0.14355,   0.17054
1200.00000, 276.55643,   1.71309,   0.14355,   0.17054
1200.00000, 276.55643,   1.71309,   0.14355,   0.17054
1200.00000, 170.09267,   1.69827,   0.15487,   0.19113
1200.00000, 170.09267,   1.69827,   0.15487,   0.19113
1200.00000, 170.09267,   1.69827,   0.15487,   0.19113
1200.00000, 170.09267,   1.69827,   0.15487,   0.19113
1200.00000, 170.09267,   1.69827,   0.15487,   0.19113
1200.00000, 213.01111,   1.68875,   0.16528,   0.21143
1200.00000, 213.01111,   1.68875,   0.16528,   0.21143
1200.00000, 213.01111,   1.68875,   0.16528,   0.21143
1200.00000, 213.01111,   1.68875,   0.16528,   0.21143
1200.00000, 213.01111,   1.68875,   0.16528,   0.21143
1200.00000, 147.88632,   1.67542,   0.17376,   0.22997
1200.00000, 147.88632,   1.67542,   0.17376,   0.22997
1200.00000, 147.88632,   1.67542,   0.17376,   0.22997
1200.00000, 147.88632,   1.67542,   0.17376,   0.22997
1200.00000, 437.94516,   1.68428,   0.18387,   0.25150
1200.00000, 437.94516,   1.68428,   0.18387,   0.25150
1200.00000, 437.94516,   1.68428,   0.18387,   0.25150
1200.00000, 437.94516,   1.68428,   0.18387,   0.25150
1200.00000, 243.22668,   1.67984,   0.19176,   0.27070
1200.00000, 243.22668,   1.67984,   0.19176,   0.27070
1200.00000, 243.22668,   1.67984,   0.19176,   0.27070
1200.00000, 243.22668,   1.67984,   0.19176,   0.27070
1200.00000, 243.22668,   1.67984,   0.19176,   0.27070
1200.00000, 243.22668,   1.67984,   0.19176,   0.27070
1200.00000, 293.64938,   1.67876,   0.19937,   0.28987
1200.00000, 293.64938,   1.67876,   0.19937,   0.28987
1200.00000, 293.64938,   1.67876,   0.19937,   0.28987
1200.00000, 293.64938,   1.67876,   0.19937,   0.28987
1200.00000, 293.64938,   1.67876,   0.19937,   0.28987
1200.00000, 247.95218,   1.67442,   0.20580,   0.30716
1200.00000, 247.95218,   1.67442,   0.20580,   0.30716
1200.00000, 247.95218,   1.67442,   0.20580,   0.30716
1200.00000, 247.95218,   1.67442,   0.20580,   0.30716
1200.00000, 247.95218,   1.67442,   0.20580,   0.30716
1200.00000, 424.00220,   1.68427,   0.21320,   0.32698
1200.00000, 424.00220,   1.68427,   0.21320,   0.32698
1200.00000, 424.00220,   1.68427,   0.21320,   0.32698
1200.00000, 424.00220,   1.68427,   0.21320,   0.32698
1200.00000, 216.19937,   1.67810,   0.21806,   0.34284
1200.00000, 216.19937,   1.67810,   0.21806,   0.34284
1200.00000, 216.19937,   1.67810,   0.21806,   0.34284
1200.00000, 216.19937,   1.67810,   0.21806,   0.34284
1200.00000, 216.19937,   1.67810,   0.21806,   0.34284
1200.00000, 216.19937,   1.67810,   0.21806,   0.34284
1200.00000, 395.08655,   1.68646,   0.22371,   0.36097
1200.00000, 395.08655,   1.68646,   0.22371,   0.36097
1200.00000, 395.08655,   1.68646,   0.22371,   0.36097
1200.00000, 192.04753,   1.68032,   0.22675,   0.37481
1200.00000, 192.04753,   1.68032,   0.22675,   0.37481
1200.00000, 192.04753,   1.68032,   0.22675,   0.37481
1200.00000, 192.04753,   1.68032,   0.22675,   0.37481
1200.00000, 310.19189,   1.68056,   0.23004,   0.38941
1200.00000, 310.19189,   1.68056,   0.23004,   0.38941
1200.00000, 310.19189,   1.68056,   0.23004,   0.38941
1200.00000, 310.19189,   1.68056,   0.23004,   0.38941
1200.00000, 310.19189,   1.68056,   0.23004,   0.38941
1200.00000, 612.62952,   1.70423,   0.23558,   0.40880
1200.00000, 612.62952,   1.70423,   0.23558,   0.40880
1200.00000, 612.62952,   1.70423,   0.23558,   0.40880
1200.00000, 612.62952,   1.70423,   0.23558,   0.40880
1200.00000, 584.73431,   1.71933,   0.23903,   0.42484
1200.00000, 584.73431,   1.71933,   0.23903,   0.42484
1200.00000, 584.73431,   1.71933,   0.23903,   0.42484
1200.00000, 584.73431,   1.71933,   0.23903,   0.42484
1200.00000, 584.73431,   1.71933,   0.23903,   0.42484
1200.00000, 584.73431,   1.71933,   0.23903,   0.42484
1200.00000, 373.04431,   1.71935,   0.24007,   0.43575
1200.00000, 373.04431,   1.71935,   0.24007,   0.43575
1200.00000, 373.04431,   1.71935,   0.24007,   0.43575
1200.00000, 402.57822,   1.72081,   0.24227,   0.44887
1200.00000, 402.57822,   1.72081,   0.24227,   0.44887
1200.00000, 402.57822,   1.72081,   0.24227,   0.44887
1200.00000, 402.57822,   1.72081,   0.24227,   0.44887
1200.00000, 402.57822,   1.72081,   0.24227,   0.44887
1200.00000, 553.16632,   1.73461,   0.24718,   0.46626
1200.00000, 553.16632,   1.73461,   0.24718,   0.46626
1200.00000, 553.16632,   1.73461,   0.24718,   0.46626
1200.00000, 553.16632,   1.73461,   0.24718,   0.46626
1200.00000, 553.16632,   1.73461,   0.24718,   0.46626
1200.00000, 503.64267,   1.74270,   0.25110,   0.48009
1200.00000, 503.64267,   1.74270,   0.25110,   0.48009
1200.00000, 503.64267,   1.74270,   0.25110,   0.48009
1200.00000, 503.64267,   1.74270,   0.25110,   0.48009
1200.00000, 503.64267,   1.74270,   0.25110,   0.48009
1200.00000, 503.64267,   1.74270,   0.25110,   0.48009
1200.00000, 503.64267,   1.74270,   0.25110,   0.48009
1200.00000, 295.71497,   1.73072,   0.25139,   0.48603
1200.00000, 295.71497,   1.73072,   0.25139,   0.48603
1200.00000, 358.34106,   1.72953,   0.25311,   0.49408
1200.00000, 358.34106,   1.72953,   0.25311,   0.49408
1200.00000, 358.34106,   1.72953,   0.25311,   0.49408
1200.00000, 358.34106,   1.72953,   0.25311,   0.49408
1200.00000, 358.34106,   1.72953,   0.25311,   0.49408
1200.00000, 246.44534,   1.71840,   0.25340,   0.49941
1200.00000, 246.44534,   1.71840,   0.25340,   0.49941
1200.00000, 246.44534,   1.71840,   0.25340,   0.49941
1200.00000, 246.44534,   1.71840,   0.25340,   0.49941
1200.00000, 519.74768,   1.72778,   0.25792,   0.51161
1200.00000, 519.74768,   1.72778,   0.25792,   0.51161
1200.00000, 519.74768,   1.72778,   0.25792,   0.51161
1200.00000, 519.74768,   1.72778,   0.25792,   0.51161
1200.00000, 519.74768,   1.72778,   0.25792,   0.51161
1200.00000, 398.66000,   1.72866,   0.26132,   0.52076
1200.00000, 398.66000,   1.72866,   0.26132,   0.52076
1200.00000, 398.66000,   1.72866,   0.26132,   0.52076
1200.00000, 398.66000,   1.72866,   0.26132,   0.52076
1200.00000, 398.66000,   1.72866,   0.26132,   0.52076
1200.00000, 278.49371,   1.72017,   0.26242,   0.52566
1200.00000, 278.49371,   1.72017,   0.26242,   0.52566
1200.00000, 278.49371,   1.72017,   0.26242,   0.52566
1200.00000, 278.49371,   1.72017,   0.26242,   0.52566
1200.00000, 278.49371,   1.72017,   0.26242,   0.52566
1200.00000, 326.91428,   1.71652,   0.26423,   0.53077
1200.00000, 326.91428,   1.71652,   0.26423,   0.53077
1200.00000, 326.91428,   1.71652,   0.26423,   0.53077
1200.00000, 326.91428,   1.71652,   0.26423,   0.53077
1200.00000, 344.35175,   1.71500,   0.26536,   0.53576
1200.00000, 344.35175,   1.71500,   0.26536,   0.53576
1200.00000, 344.35175,   1.71500,   0.26536,   0.53576
1200.00000, 344.35175,   1.71500,   0.26536,   0.53576
1200.00000, 344.35175,   1.71500,   0.26536,   0.53576
1200.00000, 358.61008,   1.71447,   0.26610,   0.54025
1200.00000, 358.61008,   1.71447,   0.26610,   0.54025
1200.00000, 358.61008,   1.71447,   0.26610,   0.54025
1200.00000, 358.61008,   1.71447,   0.26610,   0.54025
1200.00000, 362.62848,   1.71435,   0.26658,   0.54368
1200.00000, 362.62848,   1.71435,   0.26658,   0.54368
1200.00000, 362.62848,   1.71435,   0.26658,   0.54368
1200.00000, 362.62848,   1.71435,   0.26658,   0.54368
1200.00000, 362.62848,   1.71435,   0.26658,   0.54368
1200.00000, 217.19243,   1.70301,   0.26517,   0.54232
1200.00000, 217.19243,   1.70301,   0.26517,   0.54232
1200.00000, 217.19243,   1.70301,   0.26517,   0.54232
1200.00000, 217.19243,   1.70301,   0.26517,   0.54232
1200.00000, 403.94058,   1.70727,   0.26550,   0.54398
1200.00000, 403.94058,   1.70727,   0.26550,   0.54398
1200.00000, 403.94058,   1.70727,   0.26550,   0.54398
1200.00000, 403.94058,   1.70727,   0.26550,   0.54398
1200.00000, 403.94058,   1.70727,   0.26550,   0.54398
1200.00000, 237.50998,   1.69841,   0.26274,   0.54021
1200.00000, 237.50998,   1.69841,   0.26274,   0.54021
1200.00000, 237.50998,   1.69841,   0.26274,   0.54021
1200.00000, 237.50998,   1.69841,   0.26274,   0.54021
1200.00000, 237.50998,   1.69841,   0.26274,   0.54021
1200.00000, 237.50998,   1.69841,   0.26274,   0.54021
1200.00000, 389.63223,   1.70313,   0.26075,   0.53852
1200.00000, 389.63223,   1.70313,   0.26075,   0.53852
1200.00000, 389.63223,   1.70313,   0.26075,   0.53852
1200.00000, 389.63223,   1.70313,   0.26075,   0.53852
1200.00000, 212.49989,   1.69473,   0.25568,   0.53102
