   5.42231,   1.95081
   5.35645,   2.21720
   5.30937,   2.15055
   5.25541,   2.52716
   5.21892,   2.63639
   5.22792,   2.99903
   5.13246,   2.73561
   5.09011,   2.31756
   5.08072,   2.70987
   5.02181,   2.48538
   4.95943,   3.09778
   4.93243,   2.64151
   4.90108,   2.60079
   4.81103,   2.56177
   4.68763,   2.35893
   4.63409,   2.59136
   4.58276,   2.49063
   4.49752,   1.75181
   4.44681,   1.77608
   4.42474,   2.41775
   4.37657,   1.57553
   4.31887,   2.03930
   4.28132,   2.27163
   4.26838,   2.80420
   4.24764,   3.02064
   4.17303,   2.33002
   4.10690,   2.37842
   4.04974,   1.56351
   3.96633,   1.15763
   3.91771,   1.70432
   3.82816,   1.02641
   3.75013,  -0.34619
   3.72844,   2.98174
   3.75420,   3.02955
   3.88181,   5.18537
   3.93610,   5.32435
   3.78782,  -2.78674
   3.65032,   3.85090
   4.26917,  43.41511
   4.26921,   2.86352
   4.28176,  -3.53632
   4.23583,  -1.11029
   4.14171,  -0.69941
   4.11884,  -4.34906
   3.97662,  -2.88675
   3.81002,  -0.24526
   3.90863,   3.28676
   3.74301,  -0.98143
   2.71317, -43.68659
  -0.19794,-145.22137
  -2.98053,-135.42267
  -3.97319, -55.94668
  -3.99747,  -1.64199
  -3.82085,   1.73128
  -3.59196,   7.09558
  -3.29820,  12.59759
  -3.24781,   4.18686
  -3.82319, -35.97756
  -4.25541, -23.97592
  -4.23775,  -7.66264
  -3.77108,  12.74632
  -3.28628,  22.18326
  -4.03984, -44.25342
  -4.62659, -34.71934
  -4.85975, -15.16916
  -4.22794,  23.51061
  -3.55982,  24.59592
  -4.28260, -37.80130
  -4.79852, -29.46949
  -4.55709,   3.17360
  -4.14166,  20.76003
  -4.38119, -15.38629
  -5.03044, -39.08912
  -4.92236,   5.56928
  -4.50255,  19.07330
  -4.48295,  -5.11018
  -5.35483, -47.87021
  -5.53127, -10.80756
  -4.68529,  41.02504
  -4.66532,  -6.88131
  -4.43483,  -2.60338
  -3.19448,  61.39718
  -3.15378,  12.24186
  -3.61096, -35.53146
  -3.24232,  10.33533
  -3.35338,   2.59520
  -4.09923, -41.48712
  -5.04995, -64.68578
  -4.55426,  15.47118
  -4.94348, -13.89157
  -5.94459, -57.30549
  -5.39611,  20.54126
  -4.94376,  23.81833
  -6.05444, -56.44944
  -5.99842,  -3.92611
  -5.49077,  17.48070
  -5.80171, -20.74278
  -6.20348, -18.27730
  -5.46309,  35.85807
  -5.12640,  -1.16526
  -5.01637,  -8.27215
  -4.78990,  20.44889
  -4.70707,   9.64060
  -5.63927, -61.89520
  -5.01083,  17.19517
  -4.97351,   8.06737
  -7.02098,-102.29102
  -6.50406,  11.60639
  -6.26978,   0.49853
  -7.30734, -57.66403
  -7.00180,   4.92557
  -6.83279,   5.08984
  -7.43091, -33.34159
  -6.58668,  29.24799
  -5.86035,  25.37048
  -6.10765,  -5.03251
  -5.55232,  23.07632
  -4.69822,  23.89707
  -4.44929,   5.52032
  -7.92487,-159.76666
  -7.49310,  20.14756
  -7.72027, -34.50534
 -10.20035,-136.42490
  -9.92318,  17.46294
 -11.86624, -95.71358
 -12.14277, -28.64913
 -11.43611,  13.34446
 -12.91985, -85.05179
 -12.49637,   8.08723
 -12.15316,   0.51850
 -11.24993,  23.29237
 -11.03129,  -2.23156
 -11.16239, -16.78765
 -10.84447,  12.51912
 -10.49865,   8.25311
  -6.49739, 173.47339
  -6.04401,  12.02185
  -9.08733,-152.35773
  -9.56732, -19.37638
  -9.17992,   7.08304
 -11.00571,-109.02940
 -10.32530,  14.72597
 -12.97892,-136.45749
 -13.02807,  -7.25155
 -12.69015,   5.98721
 -12.67401, -19.15773
 -12.26101,   7.91392
 -12.20311,  -6.36180
 -11.89730,   8.24815
 -11.49019,   3.88891
 -10.76974,  13.98787
 -10.11007,  11.93930
 -11.70177, -87.28994
 -11.63149,   3.38697
  -8.43148, 161.97876
  -8.34557,  -3.86595
 -10.97987,-154.62473
 -10.55769,  -2.48743
  -9.87784,  20.53342
 -10.01893, -10.62843
  -9.70322,  13.29839
  -9.51738,   2.46118
  -9.11727,   4.66788
  -9.08505,  -9.94228
  -8.66849,  13.22092
  -8.49502,   4.60766
  -7.82755,  22.47430
  -7.68711,  -0.27859
  -7.67920,  -2.34307
  -7.66375,   3.07893
  -7.38272,   5.80018
  -6.77067,  12.92054
  -6.56572,  -0.88531
  -6.12440,  22.02482
  -6.29590,  -6.61797
  -5.99512,  11.62776
  -7.03465, -68.25385
  -6.45863,   9.94651
  -6.84191, -20.84381
  -6.57009,  12.16123
  -6.13919,  14.10994
  -6.51423, -28.19384
  -6.02271,  21.36247
  -5.82346,   4.08690
  -5.82498,  -6.80171
  -5.18928,  30.27190
  -4.95706,   9.43722
  -4.86684,  -7.32484
  -3.87369,  40.55555
  -4.15458,  -5.68827
  -4.63852, -21.78676
  -3.46289,  40.51881
  -3.17382,   0.76327
  -4.77018, -69.22274
  -4.50793,  22.40273
  -4.33758,   0.96592
  -4.69557, -33.71663
  -4.17567,  29.02686
  -3.98814,  10.46617
  -4.41737, -34.69077
  -3.89716,  20.28658
  -3.57157,  20.49656
  -4.72873, -62.25200
  -4.78327,  -7.58195
  -4.36415,  17.65022
  -5.04852, -39.93459
  -5.66066, -32.81604
  -4.88999,  33.80394
  -4.83253,  -4.69695
  -5.09548, -22.85032
  -4.33715,  45.06157
  -4.11084,  11.57801
  -4.35941, -28.38352
  -3.21984,  48.28061
  -3.13133,  16.60601
  -4.25883, -55.92620
  -4.13344,  -7.18331
  -3.93232,   6.13258
  -4.93313, -39.32652
  -6.16365, -69.45586
  -5.56739,  17.17952
  -5.93965, -17.84193
  -5.46813,  21.13546
  -4.85204,  20.98538
  -5.16332, -16.71790
  -4.76556,  20.08844
  -4.17825,  22.49518
  -4.22839, -13.44067
  -3.46216,  41.91323
  -3.23594,  17.42142
  -3.31663, -12.99374
  -2.13169,  45.07771
  -2.17586,   4.23751
  -3.39483, -52.22554
  -3.09738,   5.53786
  -2.86832,   0.23273
  -3.87891, -38.93520
  -3.39552,  26.92815
  -2.78895,  19.12671
  -3.06751, -16.30417
  -3.00523,  10.78948
  -2.46664,  24.28344
  -3.69076, -62.76249
  -4.18447, -22.31178
  -3.63821,  24.01946
  -4.12298, -31.32340
  -4.68830, -26.69165
  -4.26931,  23.90639
  -4.10034,  -5.07770
  -4.33604, -28.92830
  -4.15484,  12.19778
  -4.31136,   0.99866
  -3.73982,  17.66833
  -3.02165,  22.48759
  -3.36180,  -5.92082
  -5.21543, -90.63262
  -4.28204,  29.05403
  -4.50430, -10.95665
  -6.88821,-109.95164
  -6.31942,  18.98994
  -5.98782,   2.28723
  -7.61537, -79.36945
  -6.32858,  62.37201
  -5.88127,  13.25302
  -6.80311, -47.28106
  -6.14942,  28.50780
  -5.97857,   4.94980
  -5.74586,  -1.70357
  -5.11059,  14.90022
  -4.78244,   5.02301
  -2.95774,  94.28821
  -2.82430,  11.01545
  -3.15155, -21.78094
  -2.92096,   5.26919
  -3.04245,   3.58198
  -3.61958, -22.30593
  -4.83626, -74.10680
  -4.37656,  16.41049
  -4.48078,   2.93213
  -4.36957,  10.49416
  -3.83566,  18.43070
  -3.59872,   6.66392
  -3.67190,  -1.82755
  -3.12127,  21.23726
  -3.32445, -15.78766
  -3.01436,  13.31125
  -3.21827,  -5.86486
  -3.27964,  -8.09551
  -3.01325,   3.11669
  -3.08534,  -6.11946
  -3.52807, -14.48383
  -3.30197,  14.45859
  -2.71531,  20.55436
  -3.32109, -30.34219
  -3.49193,  -5.20547
  -2.69843,  41.71842
  -2.71335,  -1.36781
  -2.83870,   2.64395
  -2.92098,   4.18788
  -2.97213,   5.15880
  -6.12826,-168.05045
  -5.77956,   4.35600
  -5.71141,  -3.21034
  -5.67526,   9.50788
  -5.15551,  17.85506
  -4.60005,  16.83860
  -3.49060,  46.89360
  -3.29039,   2.74198
  -3.43767,   2.16111
  -2.56010,  45.95521
  -2.20604,   8.46585
  -2.20164,  -6.35723
  -1.29940,  47.98838
  -0.95837,  25.15728
  -1.05954, -17.56238
   0.07156,  65.49417
   0.54711,  26.57605
   0.39963,  -5.24468
   0.09918, -21.16617
   0.22412,  14.34235
   0.19639,   0.80011
  -0.69128, -51.14122
  -2.06177, -66.01429
  -1.31954,  29.06588
  -0.92331,  23.67029
  -1.03895,  -8.88949
  -1.01090,   0.30012
  -0.93259,   7.01595
  -0.39376,  22.14421
  -2.37483, -97.25295
  -2.75022, -23.04766
  -2.51129,   6.79826
  -2.12944,  18.59158
  -5.23602,-155.27164
  -7.84707,-135.57593
  -8.07393, -17.80779
  -7.67327,  11.30301
  -7.09391,  18.38242
  -6.89332,  -1.27905
  -7.53249, -29.76780
 -10.18092,-146.57242
  -9.42589,  22.71641
  -9.32309,   0.32968
  -8.43779,  34.73291
  -7.65901,  21.16825
  -7.25599,   8.26972
  -7.24201,   4.65873
  -6.65894,  13.13465
  -6.91815, -18.45748
  -7.52858, -34.58865
  -7.67932, -11.29704
  -7.50613, -12.15282
  -8.40128, -52.87119
  -8.34141,   8.79290
  -8.03554,  -0.08748
  -8.52418, -38.88875
  -8.17961,  10.24823
  -8.02191,   5.66838
 -10.53971,-141.11517
 -10.09943,   9.63201
  -9.70189,  12.59571
 -12.68945,-149.10675
 -12.11006,  12.98108
 -12.60309, -45.21135
 -12.58085,  -9.12248
 -12.17440,  11.03839
 -11.93930,  -2.85680
 -11.87818, -10.43067
 -11.38690,   5.26354
 -11.80631, -41.34592
 -11.91648,  -7.41380
 -13.19249, -65.18688
 -13.03659,  -9.59345
 -14.16318, -65.06510
 -14.24693, -18.93518
 -13.46611,  16.64766
 -12.83789,  13.56348
 -12.26990,  22.36598
 -12.29484,  -7.20332
 -12.12308,  -7.89721
 -13.09092, -63.77832
 -12.67996,   8.97160
 -12.11156,  13.76164
 -11.28951,  21.64658
 -10.83632,  15.37092
 -10.61145,   7.98195
 -10.35652,   0.42637
 -10.57257, -23.56865
 -10.49554,  -8.19279
 -10.72696, -27.90937
 -10.43571,   4.57516
 -11.20603, -36.74833
 -10.90177,   6.89935
 -12.24058, -80.61340
 -11.68815,  16.14563
 -10.70107,  38.57549
 -10.22760,   7.04704
 -10.57205, -25.07692
 -10.81625, -13.34891
 -10.95710, -21.21819
 -10.84531, -13.58800
 -10.40813,   9.43499
 -10.17913,   8.02680
  -9.74582,   8.78514
  -7.56315, 108.16850
  -7.41429,  10.53381
  -7.53407, -17.56209
  -7.82631, -32.07225
  -7.73706,  -2.73109
  -8.02463, -13.72748
  -7.93178,   3.56096
  -8.68072, -39.59196
  -8.26891,  12.01511
  -8.02599,  -2.28079
  -7.76077,   4.46694
  -7.38427,  14.62434
  -7.33723,  -1.41582
  -7.13988,  11.04241
  -6.25846,  31.30895
  -6.02955,   0.83802
  -6.00789,  -1.33388
  -6.45444, -22.62355
  -6.40430,  -3.11845
  -6.51897, -11.08253
  -6.43209,  -7.44332
  -6.32745,   0.40737
  -6.82991, -17.51165
  -6.58159,   1.69662
  -7.11061, -38.08072
  -6.92320,   2.23929
  -6.69308,   5.03662
  -6.79112,  -4.66482
  -6.45190,   5.37648
  -6.36459,  -9.18623
  -6.50389,  -1.71391
  -6.40157,  -0.55861
  -6.44278, -11.55630
  -6.43413, -12.75482
  -6.44964,  -2.43012
  -7.00430, -28.98446
  -7.03173, -15.63576
  -6.97713,  -3.77531
  -8.62425, -86.68125
  -8.85977, -14.56915
  -8.63848,  -6.50170
 -10.69048,-116.77512
 -10.57338,   5.47070
 -11.11877, -40.26633
 -12.53167, -81.65903
 -12.11733,  -2.42833
 -12.78377, -47.93542
 -12.83888,  -5.22214
 -12.55273,  -6.29927
 -12.61374, -19.95108
 -12.61064,  -9.07443
 -12.34946,  -0.10972
 -12.47727, -17.62687
 -12.07792,   9.31369
 -11.01312,  33.84576
 -10.32786,  18.90823
  -9.04506,  55.24238
  -8.63942,  10.12497
  -8.54305,   2.51126
  -8.28193,   4.53529
  -7.91203,   7.01790
 -11.21054,-176.26767
 -10.69074,  11.36965
 -11.63994, -48.05527
 -10.95211,  25.65536
 -10.61044,   0.22995
 -10.15633,  13.12889
  -9.99178,  -3.44971
  -9.76445,  -0.30756
 -10.54978, -39.32224
 -10.33116,  -1.94829
 -10.92072, -52.55483
 -10.55554,   7.21128
 -12.17246, -88.03757
 -12.10276,  -6.45536
 -11.46010,  19.92389
 -14.05709,-147.44220
 -13.55270,   8.47930
 -11.05731, 112.64300
 -10.61171,  13.55172
 -10.08786,  21.38973
  -9.23750,  28.99658
  -8.55092,  16.68013
  -8.32588,   4.29341
  -8.46478,  -7.19264
  -9.06925, -39.11264
  -9.67243, -34.26933
 -10.21667, -40.29669
 -10.74151, -48.55639
 -10.50698,   1.72918
 -11.87614, -65.72105
 -11.50680,   6.18696
 -12.75376, -74.31996
 -12.36218,  -0.19677
 -11.76216,  10.95297
 -11.23220,  16.81856
 -10.95084,  13.05507
 -10.38116,  13.23551
  -9.89552,   8.33777
  -9.29990,  13.11551
  -9.18601, -11.11129
  -9.06079,   4.73903
  -9.40344, -25.09466
  -9.19779,  -0.85347
  -8.97259,  -4.71886
  -8.77458,  -8.26592
  -8.77850,   1.69382
 -10.70968,-101.94858
 -10.37514,  -2.25261
 -10.20407,   3.23120
 -11.46964, -69.19009
 -11.20871,   2.77725
 -12.35655, -72.40023
 -12.34128, -21.01059
 -12.20739,   0.16125
 -12.37950, -15.01774
 -12.16344,  -6.80141
 -11.63544,   7.55508
 -11.90856, -27.28248
 -11.49914,   5.36092
 -14.75075,-165.72064
 -14.41259,   2.17797
 -11.22545, 133.69415
 -10.56652,  19.73604
 -10.11064,  19.08696
  -9.99674,  -4.98368
  -9.90491,   7.49657
 -10.46764, -38.26754
 -10.14558,  -5.42736
 -10.10688, -10.49177
 -10.08988,  -1.50664
  -9.73526,   9.06259
  -9.63121,  -1.71916
  -9.21799,  12.32981
  -7.76330,  58.05281
  -7.18819,  15.90799
  -6.99606,   8.55067
  -6.91456,   4.65059
  -6.77303,   3.86887
  -9.48902,-140.99167
  -8.90446,   9.75037
 -10.50968, -87.23331
 -10.60607,  -3.03594
 -10.66948, -17.43446
 -11.09196, -37.52527
 -10.90856,  -1.61587
 -10.60051,   1.78060
 -10.12731,  13.90730
  -9.37307,  37.14336
  -7.23231,  91.32253
  -6.37267,  23.72055
  -2.79995, 173.37701
  -2.35920,  27.92546
  -2.70388, -18.85102
  -5.34541,-143.57047
  -4.99849,  11.51266
  -5.56736, -21.40850
  -3.26006, 107.58675
  -2.85914,  14.26927
  -2.95260,  -3.63412
  -2.54179,  25.34422
  -1.93605,  19.92057
  -2.46167, -20.05518
  -2.73708, -12.42593
  -2.42573,   5.75413
  -2.51565, -10.41828
  -2.95373, -20.18465
  -2.53578,  18.72166
  -2.06959,  15.15021
  -2.34499,  -7.32607
  -2.59342, -19.37760
  -1.95600,  29.61439
  -1.26701,  35.31179
  -1.23537,  -1.90766
  -1.66013, -22.55676
  -1.41001,  11.89085
  -1.31109,   7.90972
  -1.98704, -39.76437
  -2.33933, -16.43580
  -2.19291,   4.46899
  -1.91023,  12.52799
  -2.20431, -17.47497
  -2.72532, -22.68325
  -2.66021,   3.71781
  -1.96859,  26.05944
  -1.93095,   9.93583
  -1.94307,  -7.05074
  -2.13230, -10.24928
  -2.11442,   0.44270
  -2.21792,  -3.39292
  -2.57274, -28.84841
  -3.76431, -55.09130
  -2.55372,  48.61971
  -2.33593,  11.49759
  -2.39125,  -7.78512
  -2.42571,   3.49456
  -2.14049,   6.75123
  -2.38721, -14.05374
  -3.11176, -39.37483
  -3.12345,  -1.78223
  -2.80421,  15.45814
  -2.44399,  13.89102
  -2.56889,   0.36137
  -2.73238, -14.80083
  -2.62251,   3.73260
  -2.15318,  24.40813
  -2.15829,   0.22874
  -2.14251,  -6.34311
  -2.05448,  16.76199
  -1.72438,  15.27208
  -2.16061, -22.78353
  -3.31595, -58.79436
  -3.42300,  -3.04424
  -3.40808, -15.56624
  -5.21101, -84.97980
  -4.67961,  22.92694
  -4.27614,  16.14405
  -4.46268, -12.92290
  -4.09319,  21.38819
  -3.41385,  25.75346
  -3.19203,   5.80522
  -3.02352,  12.35996
  -2.28330,  30.09522
  -2.14951,   4.71869
  -2.51087, -10.52508
  -2.04386,  26.06758
  -1.57682,  15.54164
  -1.90549,  -8.23064
  -2.39366, -24.63300
  -1.84706,  25.33911
  -2.12693, -12.87385
  -3.07678, -41.98014
  -2.58149,  21.24591
  -2.41825,   7.37290
  -2.61012,   2.98449
  -2.20703,   9.07500
  -1.76232,  20.07159
  -1.63941,  15.37447
   1.94125, 182.19940
   2.46985,  24.41022
   2.76193,  16.53100
  -0.03138,-120.23179
   0.57462,  25.23393
   0.25906, -15.62798
  -1.09873, -59.25692
  -1.08623,  10.37744
  -1.29444, -11.49711
  -2.34147, -43.96284
  -2.35955,   4.24090
  -2.37137,  -2.54993
  -2.76602, -14.47978
  -3.86882, -49.01325
  -4.10500, -14.72772
  -3.88000,   1.61193
  -6.38703,-124.38599
  -6.89796, -16.38429
  -6.86829,  -9.52728
  -8.73061,-108.83531
  -8.64545,   1.69583
  -9.24107, -32.34752
  -9.35630, -20.77450
  -9.15063,   2.23024
  -9.07022,  -0.37565
  -9.03434,  -3.80117
  -8.16523,  35.00760
 -11.19222,-164.15530
 -10.56101,  17.52946
 -11.97467, -71.53011
 -14.12037,-104.31844
 -14.05106,  -9.32665
 -15.50831, -84.70348
 -15.48175, -11.69992
 -15.13727,   4.89583
 -14.63748,  11.76594
 -14.52640,  -8.56680
 -14.28838,  -2.96259
 -13.91988,   6.67564
 -13.73611,   2.57226
 -13.23794,  14.92023
 -14.14632, -58.83182
 -13.79235,  -0.14497
 -13.43940,   1.59181
 -13.27837,  -2.59259
 -13.30689,  -5.89973
 -14.46352, -63.32742
 -14.19127,  -2.10520
 -13.78708,   3.23339
 -13.74387,  -8.20148
 -13.83954, -11.32469
 -13.48786,  11.78163
 -13.44195,  -4.80694
 -13.44770, -12.41580
 -12.51997,  27.84380
 -13.48845, -62.70222
 -13.18712,   0.05000
 -12.89998,   4.28537
 -11.80575,  50.88038
 -11.83112,  -0.54391
 -12.45012, -40.47998
 -12.42204,  -8.31398
 -12.10851,   4.45659
 -12.16092, -12.02227
 -12.19295,  -8.51231
 -11.65041,  22.91517
 -11.67564,  -6.18370
 -12.36728, -38.14362
 -12.14576,   2.15377
 -12.08705,  -8.40982
 -12.06778,  -9.06007
 -12.11031, -13.41484
 -12.55196, -26.31469
 -12.42422,   3.23441
 -12.64373, -11.87739
 -12.89838, -16.43398
 -12.65700,   6.55421
 -12.88615, -16.40943
 -12.78289,  -1.27561
 -12.71588,  -4.61837
 -13.37968, -39.61659
 -12.92711,  13.29920
 -12.87963,  -5.29624
 -13.97975, -62.69181
 -14.87981, -51.23655
 -14.75639,   0.05588
 -14.47206,   3.11984
 -14.86799, -35.05612
 -14.81901,  -9.08454
 -14.68226,  -6.02151
 -14.72145, -12.87021
 -14.36467,   2.40206
 -14.67950, -29.60757
 -14.27396,   4.95123
 -14.19506,  -9.68236
 -13.88068,   5.79470
 -13.86178,  -7.82536
 -15.53342, -93.18335
 -15.64157, -20.79579
 -15.59908, -13.66902
 -15.33642,   1.51112
 -15.14809,   4.17619
 -14.59009,  25.52717
 -14.78672, -10.61584
 -14.63612,  -3.26929
 -15.27318, -40.16260
 -14.71425,  10.91127
 -14.09574,  18.66353
 -15.30154, -72.08175
 -16.94743, -92.73926
 -16.78835,  -9.16663
 -17.58550, -58.81929
 -18.51203, -63.50440
 -18.42062, -16.00121
 -18.22283,  -8.03574
 -17.60243,  14.29088
 -17.27954,   2.19220
 -17.78951, -36.00315
 -17.89496, -18.69875
 -17.97813, -19.88517
 -17.60356,   3.65755
 -17.63709, -15.78953
 -17.79943, -23.30020
 -16.94773,  21.12706
 -17.01674, -21.50049
 -16.57874,   4.96759
 -16.18466,   6.60810
 -16.16956, -11.67494
 -16.36621, -20.62981
 -15.90305,  13.45881
 -15.91491,  -7.51936
 -16.75520, -55.39319
 -18.08186, -82.14210
 -17.69903,   0.42817
 -17.22131,   3.66245
 -17.93806, -54.39634
 -17.45191,   4.57057
 -17.46497, -20.99141
 -17.53493, -19.88636
 -17.39199,  -9.42090
 -16.77090,  17.41335
 -16.53037,  -2.03693
 -17.76355, -78.31926
 -17.30595,   4.42041
 -16.94794,  -4.82827
 -17.56538, -45.13848
 -17.30772,   3.53721
 -16.50952,  31.46227
 -17.65836, -66.63214
 -17.79998, -18.46792
 -18.00292, -23.33178
 -17.68385,   4.32203
 -17.92915, -26.19800
 -18.95797, -63.50569
 -18.54109,   4.74914
 -18.43482,  -9.66056
 -18.50597, -16.14565
 -18.28734,  -0.19047
 -18.65636, -28.17835
 -18.40279,   0.03228
 -18.62961, -20.60980
 -18.22059,   8.20630
 -17.11868,  37.53207
 -17.68860, -38.84988
 -17.46012,   2.35531
 -18.74522, -78.17458
 -20.05849, -79.78671
 -19.84985,  -0.87552
 -20.33922, -38.25857
 -19.87548,   7.73984
 -19.98354, -22.14030
 -19.68464,  -1.40192
 -20.24825, -46.52166
 -20.27419, -17.94110
 -20.52028, -32.38535
 -21.45971, -71.77956
 -20.85035,  18.68811
 -22.24936, -79.70978
 -22.72276, -37.90844
 -22.70051, -15.38588
 -22.78051, -19.53656
 -22.92805, -32.61906
 -23.45145, -51.06308
 -22.84164,   7.88200
 -22.47319,  -1.02370
 -21.62355,  23.52473
 -23.10919, -90.43678
 -22.97634, -13.25655
 -23.09949, -27.09995
 -22.51112,  10.36391
 -23.04439, -44.51440
 -22.33137,  14.32631
 -21.92621,   2.41881
 -21.80505,  -8.18085
 -20.90220,  23.86139
 -21.86552, -70.55697
 -21.48445,   1.21214
 -21.76713, -28.34426
 -21.39429,  -1.14739
 -21.81003, -37.98544
 -20.98242,  24.91480
 -21.81417, -60.57723
 -21.50213,  -7.41224
 -22.21870, -59.74013
 -23.41596, -79.91901
 -22.98632,   2.59599
 -23.81384, -61.23898
 -22.52779,  37.65189
 -22.37053, -18.33224
 -22.26778, -23.13723
 -23.14724, -67.38979
 -22.70325,  -2.68008
 -22.20423,  -0.05900
 -22.96901, -63.61046
 -22.32973,   4.17096
 -22.20184, -18.59277
 -22.07845, -20.90949
 -21.93129, -17.10189
 -22.21656, -42.74187
 -21.96095, -15.69484
 -21.79094, -24.31341
 -21.29948,  -5.92133
 -20.95871,  -4.80980
 -20.75736, -10.01824
 -20.88729, -32.93709
 -23.17674,-145.03577
 -22.97739, -21.16042
 -22.92148, -28.89103
 -22.40550,  -8.31374
 -21.27530,  16.17085
 -20.70865, -17.02680
 -20.29747,  -8.48952
 -20.61939, -42.07652
 -20.16893, -14.19538
 -19.85179, -14.45053
 -20.26658, -57.72962
 -20.02193, -11.66611
 -20.20859, -48.42751
 -21.08496, -76.07958
 -20.33623,   5.40300
 -20.03652, -14.82915
 -19.69848, -20.55685
 -18.91442,  12.17611
 -18.55729,  -9.74678
 -18.39085, -18.58595
 -17.66687,  -0.42394
 -17.12276,   1.41766
 -18.43161, -91.60175
 -18.03039, -10.73443
 -17.39151,   4.94958
 -16.94788,  -6.25457
 -16.70414, -18.61888
 -16.21312, -10.73633
 -16.03709, -15.15559
 -14.84561,  28.29719
 -13.94058,  25.91998
 -13.46776,  -7.38940
 -13.14834,  -7.72493
 -12.91642, -12.14620
 -12.45455,  -3.08307
 -12.08154,  -5.30093
 -11.89232,  -4.24851
 -12.12084, -41.06459
 -14.97907,-154.80029
 -14.63318,  -0.27790
 -14.21949,  -5.05141
 -14.18313, -15.36066
 -13.72024,   1.50091
 -12.89697,  20.50100
 -12.26885,   6.74823
 -11.70553,   4.01456
 -11.35102,  -3.50839
 -11.18194, -16.32221
 -11.81961, -46.96630
  -9.21589, 103.58874
  -8.83361,   4.27035
  -8.41068,   1.54521
  -8.75299, -35.11242
  -8.88376, -23.74392
  -8.66539,  -0.29300
  -8.13937,   3.56678
  -8.13014, -10.23191
  -7.68258,   9.51161
  -6.80654,  28.64348
  -9.30732,-143.67810
 -11.87425,-136.85657
 -11.39013,   1.45593
 -11.02495,   1.74283
 -10.78011,  -0.81629
 -10.45757,   0.37244
 -10.01155,   4.28107
  -9.72619,  -1.17022
  -9.47862,  -7.57724
  -9.22245,   0.22814
  -8.93118,  -8.45693
  -8.41177,   6.83711
  -8.02141,   0.95248
  -7.47050,   1.71137
  -7.63424, -14.91915
  -7.27292,   4.95105
  -6.79003,   5.82877
  -9.56882,-154.09766
  -9.30167,   6.07929
  -8.66928,   6.59319
  -8.50069,  -3.68841
  -8.21480,   2.38072
  -7.58709,  14.36114
  -7.28951,   0.36508
 -10.16867,-151.22638
 -12.91707,-160.76270
 -12.48242,   7.08600
 -12.05330,   1.72432
 -11.67156,  -2.90034
 -11.44135,  -4.83078
 -10.60146,  18.44787
  -9.99402,   8.21887
  -9.68605,  -3.24354
  -9.47115, -11.64798
  -9.06139,   1.89149
  -8.75380,  -0.11417
  -8.20615,   3.93956
  -7.92480,  -2.89715
  -7.64547,   3.23135
  -6.69630,  21.46820
  -9.35787,-150.57974
  -8.78767,  17.53476
  -8.02095,  29.61160
 -10.65059,-163.97076
  -9.86227,  22.79551
  -9.33673,  19.25357
 -10.50685, -75.34489
 -10.04269,  -5.23434
  -9.78757,   8.62528
  -9.41342,  -6.72740
  -9.79553, -40.00859
  -9.04301,  23.68402
  -8.28546,  22.21367
  -8.28451, -16.62662
  -8.45904, -23.26873
  -7.62599,  17.30481
  -7.09035,  13.90539
  -6.61536,   9.10886
  -6.70525, -26.66335
  -6.42824,   6.53770
  -5.92442,  10.56231
  -6.06657, -21.17752
  -5.79010,  -3.87963
  -5.63555,   3.47614
  -5.25610,   1.56961
  -5.34602, -15.39423
  -4.99268,  13.20117
  -4.48264,  14.30997
  -5.72673, -73.00660
  -4.98921,  29.67483
  -4.28958,  32.42670
  -7.04188,-153.35596
  -6.70632,  10.71807
  -6.21026,  12.40665
  -5.74997,  10.91291
  -5.50854,   4.37003
  -5.29768,   2.06177
  -4.98392,   2.29404
  -4.58440,  12.75312
  -3.67436,  31.48992
  -1.37368, 110.61700
   1.82536, 151.68674
   1.91652,  -0.78688
   1.94433,   0.96078
   1.95991,   3.24678
   2.32466,   6.32595
   2.32134,   6.29741
   0.81909, -67.02577
   0.72535,  -5.92208
   1.18838,  14.26970
  -1.51557,-133.52499
  -0.80473,  41.30853
  -0.28042,  10.51683
  -0.58262, -13.43312
  -0.47302,   8.57402
   0.22393,  17.12609
   0.46629,  12.84059
  -1.80949,-109.81409
  -1.18698,  25.57974
  -0.43171,  29.34268
  -3.37163,-146.05090
  -5.92903,-141.60004
  -5.02101,  27.31836
  -4.51461,  21.46408
  -4.11152,  13.12304
  -3.40752,  20.16910
  -2.67107,  24.92478
  -2.86129,  -7.99636
  -2.26464,  16.77078
  -0.65563,  66.05000
  -4.16356,-173.14066
  -2.60471,  66.70695
  -2.05690,  18.89566
  -1.03528,  41.69823
  -0.84689,  13.16003
  -0.41646,  13.86887
   0.01084,  10.69570
   0.06373,   7.87208
   0.35825,  14.98088
  -1.45487,-101.44337
  -1.43172,  -4.24108
  -1.12222,  16.87433
  -3.19849,-111.47913
  -4.54257, -83.65625
  -4.38519,  13.68852
  -4.02483,   7.73598
  -4.29162, -28.55519
  -3.73544,  17.27867
  -3.24923,  19.34286
  -5.62137,-134.46240
  -4.79579,  26.93525
  -3.86873,  43.83596
  -6.85328,-163.16873
  -6.31448,  12.58363
  -5.63866,  20.91446
  -4.76951,  38.47677
  -4.28128,  12.03712
  -3.41470,  27.28537
  -0.66427, 137.95300
  -3.73251,-162.14648
  -3.07309,  20.29694
  -2.59562,  17.03186
  -2.44555,  10.25271
  -1.77559,  14.73593
  -1.52461,   9.55053
  -1.71248,  -6.75136
  -1.24405,  15.00522
  -0.73671,  14.22520
  -3.41228,-125.55804
  -3.27349,   5.57218
  -2.18048,  36.10538
  -5.31726,-154.02863
  -4.53176,  30.59795
  -3.70222,  27.03710
  -2.94972,  24.52986
  -3.00192,  -2.97102
  -2.47781,  13.26173
  -2.24339,   9.24327
  -2.04275,   9.36919
  -1.84257,   8.11086
  -1.47959,   7.41086
  -1.25819,  21.01349
   1.33698, 120.71171
   4.03629, 137.98172
   5.17397,  62.07198
   5.28521,   5.77687
   5.26317,   6.70582
   5.31793,  11.04828
   5.55174,  10.17182
   5.50896,  11.49086
   3.03814,-116.22063
   3.03742,  -4.06790
   3.29833,  20.40834
   3.52560,  20.78389
   3.69907,   8.15399
   4.15359,  30.51477
   4.72600,  41.69505
   1.67465,-156.24808
   3.15087,  76.43915
   3.34760,  16.74374
   3.26120,  -1.13802
   3.36339,   6.54636
   3.42216,  15.04301
   3.85559,  22.98957
   4.65139,  49.09830
   5.52877,  55.32788
   5.72195,  19.26699
   5.83131,  19.43188
   5.73812,  12.04726
   5.76728,  11.72740
   5.55264,   5.46429
   5.76081,  18.44377
   6.07404,  30.04916
   6.15898,  16.28557
   6.00934,   6.22860
   6.22420,  15.86797
   6.34855,  26.22717
   6.37774,  10.48616
   6.03150,  -0.53524
   6.12584,  18.54410
   7.00768,  61.69328
   7.07231,  18.60162
   6.93311,  10.00324
   7.24719,  28.11398
   7.27718,  24.44322
   7.35632,  12.93609
   7.00163,   0.39515
   6.68698,   1.06089
   5.98488, -18.32264
   5.82668,  -3.04674
   5.29878,  -3.17947
   6.94075,  96.89946
   6.97977,  14.80683
   6.68924,   1.65588
   8.94152, 132.51151
   9.45492,  37.32121
   9.44184,  15.17654
   9.29708,  16.86148
   9.64458,  29.96474
   9.34931,   6.18460
   8.73766,  -7.80398
   8.56251,   8.82496
   8.66311,  19.95113
   7.99603,  -6.07170
   7.76006,  -0.97344
   7.72482,  19.17825
   7.92001,  28.52374
   7.79240,  13.92698
   7.76089,   7.82320
   8.12575,  42.23550
   8.25085,  23.38092
   8.62914,  28.43404
   8.81118,  34.39573
   9.02020,  25.47246
   8.82084,   9.04840
   8.74277,  14.80327
   8.59906,  18.53597
   8.54326,   9.83075
   7.92621,  -5.18403
   6.86222, -24.74069
   6.85167,   8.89433
   6.20691, -12.36959
   4.25204, -80.50626
   3.78628,   2.74669
   3.49959,  -2.88048
   2.53083, -43.81973
   2.29153,   3.63548
   2.35243,  17.60040
  -0.37267,-126.99331
  -0.01826,  26.32834
   3.56800, 180.13596
   3.75564,  17.41368
   4.30765,  47.53523
   5.76213,  84.90851
   5.84214,  11.81067
   5.21253, -14.37873
   5.04774,   2.90575
   4.79833,   4.73021
   4.90621,  15.45273
   4.82560,   6.12933
   4.46542,   9.38294
   4.42616,  13.39832
   4.30579,   9.87654
   4.14813,   4.98632
   2.24545, -78.80759
   1.76931,   1.59110
  -0.23558, -85.43348
  -0.57795, -13.98477
  -0.79471,  -3.26753
  -0.99321,   1.27396
  -0.71410,  27.97228
  -1.05065,  -4.87407
  -1.37246,  -5.99284
  -1.85396, -14.85166
  -1.66442,  17.89103
  -2.74168, -48.25532
  -3.22041, -20.84283
  -3.36100,  -8.82215
  -3.39162,  -2.68658
  -3.30297,   8.14437
  -0.11974, 170.01480
  -0.19808,   5.32203
   3.18725, 181.00986
   2.58360,  -8.73959
   2.12200,  -4.92304
   1.62884, -14.94496
   1.88952,  20.35568
   1.43059, -15.34962
   1.19086,   0.98543
   0.51052, -13.13202
   0.19118,   0.35145
   0.04040,   4.54046
   0.16175,  12.75008
  -0.48979, -22.54545
  -1.90978, -57.70925
  -2.02668,   0.01753
  -1.70680,  13.16964
  -1.87522, -11.00361
  -2.04920,  -7.47265
  -2.40806,  -5.51172
  -2.18684,  22.13779
  -2.20719,   8.82816
  -2.03359,  14.96365
  -4.87990,-132.04620
  -5.20472, -11.33159
  -6.74969, -72.05632
  -6.56473,   6.82989
  -6.65061,  -5.79662
  -6.96846, -13.26391
  -7.39431, -10.24866
  -7.31370,   9.31938
  -7.69257, -13.70600
  -8.00365, -14.41315
  -8.20717, -12.66604
  -8.64399, -30.09005
  -8.65266, -10.61799
  -8.30877,   5.74423
  -9.57721, -70.17219
  -9.81122, -15.83844
  -9.98169,  -6.49596
 -10.11013,  -8.45140
 -10.31649, -15.58562
 -10.35236, -14.05331
 -10.31389, -12.15858
  -9.92480,   6.51334
 -11.97425,-111.71314
 -12.01158,  -1.16117
 -13.57685, -80.51084
 -13.60030,  -8.83022
 -13.71923, -13.14121
 -13.50476,   2.72920
 -13.71162, -11.92384
 -13.57872,   6.43978
 -13.47064,   2.85357
 -13.76930, -19.16799
 -13.79855,  -4.45845
 -13.31982,  18.25476
 -14.47980, -67.70450
 -13.76002,  17.75157
 -12.94366,  21.73819
 -13.70164, -51.17381
 -13.21121,  12.56297
 -13.22527, -18.20662
 -14.07851, -59.64533
 -12.66889,  57.15623
 -12.51638,   2.84439
 -13.04905, -26.37785
 -13.76335, -32.70533
 -13.92749, -10.39755
 -15.52677, -87.43349
 -15.43674,  -6.60034
 -15.77060, -32.71564
 -16.41082, -45.98462
 -16.43595, -10.69347
 -16.55525, -15.15180
 -16.91541, -26.00432
 -16.89714,  -8.41698
 -17.04239, -19.28976
 -16.97252, -12.06090
 -17.07836, -20.37584
 -17.06435,  -8.48155
 -16.79913,   2.35508
 -16.97271, -22.07508
 -16.33449,  14.76846
 -15.94555,   1.12677
 -16.07549, -20.96135
 -16.21540, -20.80014
 -16.29446, -14.02062
 -16.35409, -14.69713
 -16.34382, -11.78714
 -15.37491,  36.89088
 -15.47322, -14.52666
 -15.44614,  -7.17348
 -15.23206,   1.20626
 -15.18286,  -6.96518
 -13.83816,  58.60196
 -13.99744, -19.94143
 -13.77629,  -1.90123
 -14.14942, -33.08894
 -14.10776, -12.87179
 -13.84219,  -2.14351
 -13.91466, -15.80268
 -13.43504,  15.06797
 -14.22882, -45.68742
 -14.90506, -44.79245
 -14.98552, -18.82460
 -14.71158,  -4.51362
 -14.56482,  -9.81556
 -15.43601, -63.06153
 -13.89372,  60.04181
 -13.82279,  -6.31385
 -14.05959, -19.81070
 -14.41773, -27.91125
 -14.75215, -28.73053
 -15.00328, -26.54071
 -14.69201,   8.01897
 -15.36786, -41.85132
 -15.67331, -23.67972
 -15.72715, -17.92833
 -17.40880,-104.01480
 -17.34923, -14.07410
 -17.37518, -22.94150
 -20.39119,-174.98419
 -20.16457, -17.24800
 -19.48765,   2.79299
 -19.23121, -15.91272
 -19.01678,  -6.85013
 -19.50747, -31.96920
 -19.50120, -13.69958
 -20.66726, -73.90327
 -20.00140,  16.45798
 -21.23081, -79.61135
 -22.13037, -60.76697
 -21.68598,   1.94432
 -21.42661, -12.06699
 -21.47503, -28.32447
 -21.23347, -10.56101
 -21.20023, -19.28097
 -20.08901,  33.31390
 -20.02536, -19.56054
 -20.31543, -37.95047
 -19.50412,  15.48413
 -19.14557,  -7.38750
 -19.73542, -55.60616
 -19.14155,   0.92992
 -20.18268, -80.89415
 -19.84876, -12.32569
 -19.74425, -17.76713
 -19.39994,  -1.25797
 -16.17786, 131.13251
 -15.61446,  -2.57964
 -16.97095, -93.60984
 -17.16906, -23.17864
 -17.14573, -23.62162
 -17.06720, -22.54515
 -17.05639, -17.45559
 -16.65071,   1.54811
 -16.43839,  -8.70656
 -15.77135,   6.47638
 -14.60710,  33.23304
 -13.99860,   7.52476
 -13.63981,   4.24837
 -16.16035,-155.64697
 -15.44928,   4.92401
 -15.12403,  -9.87588
 -14.15663,  27.16900
 -13.45869,   9.02191
 -13.31669, -16.94042
 -12.86925,  -5.45395
 -12.37913,   2.39235
 -12.49753, -26.60299
 -13.18879, -56.19101
 -13.10465, -16.02851
 -12.64403,   0.69683
 -12.19541,  -1.32952
 -12.03306,  -9.47206
 -14.33124,-138.51062
 -13.82532,   5.75706
 -13.57266,  -8.65920
 -13.19950,  -3.36434
 -13.05128, -10.99655
 -15.47226,-145.16360
 -15.28263, -11.25854
 -14.80330,  -2.24656
 -14.45007,  -3.89965
 -14.12596, -11.44014
 -14.02108, -20.22656
 -14.13824, -28.22888
 -14.00647, -23.60821
 -13.22820,  14.54944
 -12.54890,   9.65038
 -12.56679, -27.35509
 -14.54552,-116.60151
 -15.23390, -59.40002
 -14.63150,   0.81779
 -14.23144,   3.54148
 -13.69494,  -4.37356
 -13.34460,  -6.47248
 -13.33258, -21.17075
 -13.10278,  -8.26068
 -12.85337, -12.27819
 -12.41301,   0.06951
 -12.00218,  -1.08734
 -11.66612, -10.85579
 -14.08195,-138.16403
 -13.52348,   2.85557
 -12.95668,   1.36424
 -12.58983,  -2.39083
 -12.53988, -15.62113
 -12.10118,  -4.11156
 -11.56488,   3.89293
 -11.28594,   3.38252
 -13.84656,-153.41519
 -13.20062,   4.18909
 -12.77528,   5.92533
 -12.43454, -10.08039
 -12.37059, -16.07659
 -11.91190,   5.99063
 -11.09720,  18.81277
 -11.51121, -43.67595
 -12.71763, -79.95197
 -12.54067, -17.55509
 -12.03225,   1.54860
 -11.70019,   0.82363
 -11.23153,   0.27643
 -11.07397, -13.28128
 -10.43816,  12.72786
  -9.83519,  18.25923
 -11.81816,-121.16286
 -11.24355,   9.53825
 -11.02072,  -1.01930
 -10.62062,  -2.45745
 -10.25457,   1.97498
  -9.38619,  26.02763
  -8.41722,  22.31259
  -8.19868,  -0.07930
  -8.11234, -10.76566
  -7.85103, -13.40541
  -7.19825,   9.60415
  -6.82457,   9.56615
  -8.25756, -87.61879
  -8.08037, -16.72272
  -7.35206,  12.67290
  -7.90543, -36.35006
  -7.58880,   8.62034
  -6.65528,  19.15897
  -7.14322, -53.91544
  -6.51593,  14.87580
  -5.75905,  27.94366
  -7.83011,-112.47507
  -7.60206,   0.89369
  -7.92107, -40.33515
  -7.89910, -25.17531
  -7.21287,  16.38003
  -8.02606, -50.44415
  -7.28833,  26.55485
  -6.69428,  10.72054
  -7.09720, -46.22148
  -6.29412,  15.61486
  -5.76036,  12.90731
  -5.35906,   7.18062
  -4.60821,  25.77842
  -4.28245,  -0.20629
  -3.34637,  31.54984
  -2.44734,  35.52976
  -1.70062,  27.69357
  -0.98856,  32.42660
  -0.97027,  -4.03190
  -0.38592,  25.84172
  -0.85634, -30.14408
  -0.20865,  16.98549
  -2.25153,-118.51012
  -2.20453,  -4.29748
  -1.65487,  25.53834
  -2.80453, -55.83235
  -2.55375,   9.27929
  -3.16969, -44.54433
  -2.66082,   4.37863
  -2.24316,   4.38966
  -4.38365,-106.65634
  -4.08535,  13.72062
  -3.88588,   3.56171
  -5.52474,-104.92890
  -4.57084,  29.07311
  -5.21495, -40.88366
  -4.91020,  20.08163
  -4.21212,  26.10514
  -5.82750,-101.51996
  -5.08755,  17.65514
  -4.69391,  18.17343
  -4.99690, -22.31729
  -4.84710,  -8.68159
  -4.38052,  12.36275
  -4.41318,  -5.54175
  -4.12872,   6.45061
  -3.32754,  22.43908
  -2.52824,  23.58304
  -2.54753,  -5.79076
  -1.99490,  22.73015
  -1.71061,  -4.83299
  -3.23662, -89.08827
  -2.71574,  23.86508
  -2.62513,   3.65548
   1.00483, 179.19873
   1.79162,  23.16536
   1.55372, -12.35198
   1.67251,  13.66734
   2.07123,  27.97039
  -0.25367,-127.25365
  -0.00072,  -0.60797
   0.21020,  16.93748
  -2.78115,-145.96698
  -4.83694,-120.09310
  -3.96045,  33.81690
  -6.92272,-142.83566
  -9.45442,-145.80948
  -8.40897,  33.24995
  -7.75235,  27.63440
  -7.26311,  10.59317
  -6.58296,  21.23600
  -6.14322,  14.64275
  -5.81652,   4.28703
  -5.56606,   5.98624
  -5.07774,  17.53020
  -4.57712,  20.24891
  -4.04094,  22.95718
  -3.71819,  10.18125
  -3.71235,   0.65523
  -3.18196,  17.21905
  -2.65992,  32.80198
  -2.07315,  30.06995
  -1.88112,   9.93416
  -2.08915,  -3.24494
  -1.69223,  22.08589
  -1.09545,  20.66053
  -1.22270,   2.03921
  -3.90756,-134.63278
  -3.17745,  30.33635
  -3.11206,   3.87229
  -4.53402, -68.36787
  -3.53726,  43.81723
  -3.07628,  21.57081
  -2.86776,  15.66583
  -2.37895,  17.96532
  -1.87617,  28.46472
  -1.58651,  20.90992
  -1.10111,  24.67892
  -0.39962,  29.02031
  -0.13889,  22.68053
  -0.15470,  12.56007
   0.98278,  51.88115
   0.94095,  11.67740
   0.75424,   4.77666
   3.96010, 167.77869
   4.02346,  11.53794
   3.82675,   4.07484
   3.68714,  13.09477
   3.74849,  10.56864
   3.95550,  17.69646
   3.87549,  14.03619
   3.99940,  14.36413
   4.46506,  31.24867
   4.52353,  17.86300
   4.74160,  23.30239
   5.52150,  57.47014
   5.85243,  23.58483
   6.23725,  28.13197
   8.68741, 142.59085
   9.13865,  41.88053
   9.13786,  17.35404
   9.38170,  22.52725
   9.35235,  26.56140
   9.27801,  13.10515
   8.93005,  -1.16761
   8.70341,  14.36346
   8.59775,  14.55924
   7.77795, -22.32230
   7.34380,  -0.40880
   7.02993,  10.55253
   6.65000,  -5.20997
   6.07575,  -2.80313
   5.55887,  -2.80743
   5.50422,   9.13101
   5.08103,  -9.20254
   4.85442,   5.62478
   4.84274,  15.41085
   4.25863,  -4.18616
   4.14174,  11.80392
   4.63831,  35.53862
   4.83171,  23.94923
   5.91846,  72.55686
   5.82545,   5.14104
   5.40990,  -8.00699
   4.66808, -12.62512
   4.25858,  -3.94919
   3.68997, -18.59445
   3.24393,  -1.25782
   3.14841,  14.40416
   2.54832, -15.68358
   3.08844,  39.57793
   0.18348,-126.99386
   0.27872,  15.08383
  -0.85690, -49.89280
  -1.09947,  -4.87906
  -1.30721,   2.96914
  -1.37091,   9.29586
  -1.49229,   6.92699
  -1.97473, -11.79874
  -2.23420,   3.52084
  -3.00174, -22.17165
  -2.92764,  18.03100
  -3.34730,  -9.18980
  -3.50982,   2.38730
  -3.95777, -12.87962
  -4.64221, -23.59987
  -4.32886,  28.05317
  -4.41055,   7.30860
  -4.90550, -11.87459
  -4.81777,  12.83166
  -4.67204,  13.48242
  -6.06464, -61.70918
  -5.69342,  22.50035
  -6.04395, -11.85315
  -6.12907,   4.77979
  -6.54167,  -9.50877
  -7.12843, -17.01910
  -7.69637, -15.87944
  -8.54887, -30.31861
  -8.39036,  15.70315
  -7.71482,  34.14949
  -8.50045, -34.95019
  -8.73998,  -8.47558
  -8.56228,  12.47245
  -8.57236,  -1.45230
  -8.86474, -16.25471
  -9.06251,  -9.92852
  -9.21926,  -7.30772
  -8.88330,  13.51033
 -10.63049, -90.03298
 -12.15466, -82.20193
 -11.74990,  20.13679
 -11.70180,  -0.95718
 -12.38443, -37.21870
 -12.50583,  -9.83644
 -12.54808,  -2.16911
 -11.70288,  37.94873
 -10.97988,  35.99778
 -11.53947, -32.16826
 -11.25169,   9.23864
 -11.21055,  -2.95422
 -11.52273, -19.32478
 -11.83266, -14.98330
 -12.39580, -27.18640
 -12.15390,  14.10376
 -12.14719,  -1.45252
 -12.33801, -10.55198
 -12.53398, -14.33935
 -12.57577,  -9.63629
 -12.03973,  15.70586
 -12.00384,  -4.58635
 -11.77659,   5.93955
 -11.66527,   7.21629
 -13.11878, -69.90814
 -12.69590,  21.93490
 -12.53367,   2.36037
 -14.35382, -91.29611
 -14.58959, -14.31134
 -14.81140, -15.08589
 -14.93876, -12.35882
 -15.61339, -40.45461
 -15.21343,  12.33453
 -14.40786,  35.70553
 -14.84246, -29.15130
 -15.27435, -31.62390
 -16.31949, -62.34635
 -15.88624,  11.73229
 -15.98385, -13.58629
 -16.04784, -12.44125
 -16.06758,  -8.35470
 -15.45105,  19.39469
 -16.67074, -77.32178
 -17.94106, -78.46065
 -17.27274,  18.55197
 -18.25624, -59.46733
 -19.03074, -42.77896
 -18.93124,  -4.37378
 -18.97006, -16.20109
 -18.78829,  -6.34115
 -18.81296, -17.26786
 -18.25958,   9.96609
 -18.72506, -43.03745
 -17.54115,  42.30812
 -17.23528,   3.27449
 -17.64396, -28.78697
 -17.59947,  -8.73658
 -17.91394, -27.78617
 -17.65015,  -6.80487
 -17.27067,   0.26865
 -17.75525, -42.78299
 -17.14947,  11.38867
 -17.80237, -56.36420
 -17.26645,   2.11530
 -16.60205,   6.29520
 -17.18785, -60.96845
 -16.75546,  -4.08172
 -19.72765,-163.13019
 -19.43077,  -1.77600
 -20.66165, -85.55468
 -20.51242, -21.60913
 -21.16035, -59.19968
 -20.98557, -22.15814
 -20.30070,   1.05401
 -19.58778,   3.85194
 -19.25359,  -7.85149
 -19.24381, -28.72044
 -19.64135, -54.15188
 -19.60724, -16.05545
 -20.72256, -77.43648
 -20.46570, -24.66498
 -20.14946, -10.92762
 -20.78095, -53.66590
 -20.24583,  -0.46279
 -20.67473, -49.62753
 -20.32327, -15.66512
 -19.60885,   1.83401
 -19.00426,   4.09760
 -18.28661,   6.14266
 -17.52155,   8.24107
 -16.73583,  16.24597
 -15.88442,  11.91432
 -15.24242,   4.07785
 -14.49427,   9.96607
 -14.02621,   5.73956
 -13.51917,  -2.54732
 -13.33984, -12.10610
 -12.99751,  -9.14842
 -12.92938, -16.37769
 -12.91933, -25.08045
 -12.74182, -16.78278
 -12.49908,  -7.15374
 -11.91351,   1.87936
 -11.50942,   1.97276
 -11.34209, -17.21748
 -11.16427, -16.17616
 -10.89207, -14.29560
 -10.54695,  -9.34313
 -10.24069, -15.48993
  -9.90930,   3.33045
  -9.36399,   2.38112
  -9.14609, -17.54551
  -8.56039,   7.55057
  -8.02062,   8.75495
  -8.06325, -16.85632
  -7.21632,  15.39180
  -6.16581,  27.65128
  -5.77391,   6.42240
  -4.99973,  28.20456
  -5.65599, -51.63163
  -4.83340,  13.78165
  -4.79762, -18.62492
  -4.41851,   4.04996
  -3.97891,   8.33301
  -3.46705,   8.92147
  -2.90928,  16.31314
  -3.08818, -22.35144
  -2.92699,  -9.39676
  -2.99899, -18.82281
  -2.74788,  -4.45830
  -2.31157,   9.37203
  -1.58002,  29.41595
  -1.40944,  -8.35905
  -1.21423,  -7.03033
  -0.85286,   6.65675
  -0.42914,  11.85547
   0.61198,  40.61958
   0.51524, -19.66550
   0.66731,  -9.42223
   1.03119,   7.31133
   1.66872,  23.95236
   1.95701,   5.69810
   1.90492, -10.53926
   2.29274,   8.13508
   2.49927,   2.39626
   2.73273,   0.04567
   2.93165,  -2.63935
   3.34912,  11.04219
   3.57958,  -0.63744
   3.72810,  -2.49412
   4.11360,   8.62036
   4.26080,  -3.02615
   4.22860,  -7.95283
   4.53840,  10.50919
   4.48730,  -8.92649
   4.37781, -11.32593
   4.78485,  12.55496
   5.15742,  11.63881
   5.18968,  -6.27074
   5.77862,  17.41307
   6.12516,   8.09728
   6.31914,   2.27186
   6.46311,   1.92422
   6.77797,  12.62525
   7.07800,  10.94068
   7.35173,  11.07675
   7.38002,  -3.18649
   7.30878,  -9.36976
   7.94062,  29.07504
   7.83377,  -4.34398
   8.00706,   6.50107
   8.28810,  11.21558
   8.71617,  17.99566
   8.89481,   7.12025
   8.91013,   1.72780
   8.72514,  -6.02241
   9.06396,  20.19293
   9.43796,  25.29420
   9.19569,  -6.72780
   9.75456,  31.01641
   9.86706,  11.26837
   9.80309,   0.92610
   9.92659,   5.99483
  10.07486,   5.96791
  10.02585,   0.47250
  10.18184,  11.01712
  10.30413,   9.48962
  10.54694,  12.94848
  10.69582,   9.99970
  10.86227,   9.48698
  11.10716,  14.59690
  11.18684,   7.61641
  11.32901,  13.62537
  11.44258,  13.12679
  11.49166,   7.76736
  11.45125,   3.84741
  11.55012,  13.31333
  11.61823,  12.39904
  11.58775,   1.19690
  11.83274,  19.35113
  12.10831,  16.56350
  12.21309,   9.68650
  12.40756,  12.14240
  12.49718,   9.12250
  12.62223,  11.93871
  12.66849,   9.84255
  12.72848,  11.70143
  13.09129,  30.32075
  12.92778,   2.42454
  13.19303,  23.50261
  13.34271,  16.42450
  13.31310,   4.38755
  13.55722,  19.99155
  13.77458,  14.94006
  13.87504,  11.26286
  14.17182,  22.28944
  14.13903,   6.51924
  14.20586,  11.41564
  14.35123,  14.15758
  14.24528,   5.50397
  14.28029,  11.28539
  14.32853,  13.87353
  14.31634,   8.38871
  14.61923,  22.26969
  14.75410,  13.69706
  14.64973,   5.26692
  14.99094,  30.62730
  15.35027,  28.40108
  15.15901,   1.60998
  15.46733,  26.77299
  15.94182,  35.28668
  15.92467,   8.61793
  15.74793,   5.29102
  16.13748,  36.26172
  15.98625,   8.12089
  15.99443,  15.48852
  16.28059,  30.59892
  16.24843,  14.63129
  16.32626,  21.94467
  16.41565,  23.45332
  16.53102,  19.06918
  16.82890,  32.71705
  16.82439,  19.14688
  16.58713,  10.06065
  16.60620,  20.15230
  16.74457,  27.24554
  16.39287,   2.02233
  16.21514,   8.79822
  16.07114,  12.75444
  16.23628,  28.14005
  16.00395,  11.09415
  15.98162,  20.28245
  15.50735,  -3.03942
  15.67891,  32.31717
  15.53014,  11.73351
  15.42500,  13.08127
  14.85476,  -8.58715
  14.62457,  14.60764
  13.87556, -10.26382
  13.59008,   8.08309
  13.23318,  -0.68494
  13.27349,  13.97283
  13.15838,  14.25490
  12.65946,  -1.41182
  12.60977,  12.38205
  12.06650, -14.38638
  11.66388,  -0.63541
  11.38751,  16.19543
  10.03026, -43.45501
   9.93586,   0.36447
   9.91450,  12.24781
   6.68165,-134.55640
   4.66263, -97.92555
   4.90148,  21.75800
   4.45166,   0.16667
   7.04996, 135.58224
   7.15856,  29.25612
   7.31093,  20.13923
   6.98982,   5.28823
   6.89097,   9.01297
   6.88184,  20.06775
   6.83977,   7.50533
   6.24390,  -7.25166
   3.78078,-109.34547
   4.08060,  23.19593
   4.23034,  20.37224
   1.54666,-118.52341
  -0.63209,-105.30544
  -0.28420,  16.61754
  -2.09404, -73.27216
  -4.63031,-126.16921
  -4.06797,  23.59218
  -4.41547,  -5.91614
  -4.15745,  21.87151
  -3.79973,  18.74226
  -4.31806, -23.93208
  -4.47850,  -5.97410
  -4.28189,  18.05003
  -4.48823,   2.34386
  -4.35694,  15.54841
  -3.10512,  70.71027
  -0.96315, 114.62735
  -1.13326,   0.33379
  -1.03552,  15.28020
  -0.91215,  16.91239
  -1.75988, -29.57152
  -1.88523,   3.66954
  -1.82336,  10.00154
  -1.95049,  -1.36106
  -2.06989,  -2.70136
  -1.99143,   6.88949
  -1.81188,  13.15285
  -2.32584, -19.61132
  -2.58183,   0.61877
  -3.76906, -45.44183
  -3.75374,   9.24121
  -3.73834,  11.75171
  -3.93010,  -0.45618
  -3.79188,  15.31386
  -3.47824,  25.48419
  -3.86515,  -9.44498
  -4.17364,  -3.95369
  -4.02808,  18.47288
  -4.34137,  -5.96080
  -4.29204,   9.42652
  -4.79851, -18.52706
  -4.80002,   2.49932
  -4.43469,  17.27750
  -4.44406,  -1.10890
  -4.69807, -16.57508
  -4.93679,  -9.56086
  -5.10223, -10.93682
  -4.89093,   6.89696
  -4.40778,  20.20611
  -4.21979,  12.42123
  -5.99978, -83.98566
  -6.11268,  -5.16885
  -7.85307, -90.86441
  -7.47672,  16.43450
  -4.21719, 165.18613
  -4.23185,   9.58027
  -4.77473, -25.44528
  -4.95369,  -7.38857
  -4.59595,  13.69605
  -4.15608,  20.12744
  -4.10395,   7.26342
  -4.38799,  -6.28815
  -4.71369, -11.70007
  -5.05320, -19.22201
  -1.89380, 156.49979
  -1.84887,  10.01844
  -3.25557, -67.29124
  -3.20503,   0.97836
  -3.33367,  -8.58477
  -3.23695,  11.11796
  -3.27253,   6.88955
  -3.08925,  13.44485
  -3.18508,   2.05746
  -3.27419,   1.51248
  -3.48645,  -3.94889
  -3.89037, -13.25392
  -3.99642,   8.28248
  -6.46707,-107.66881
  -6.70195,   4.58178
  -7.44060, -25.76707
  -7.50755,   4.57051
  -7.74019,  -0.81144
  -8.05911,  -6.73204
  -7.75541,  30.90207
  -7.80475,  11.94158
  -8.58799, -21.75759
  -8.95807,   0.23395
 -11.10331, -87.98265
 -11.10478,  24.90134
 -12.98389, -65.95663
 -13.93727, -18.98451
 -13.51132,  54.61835
 -14.16702,  11.43009
 -15.38644, -10.78311
 -16.65099, -11.77965
 -18.15869, -15.20256
 -19.61476, -11.36397
 -20.14455,  43.26174
 -21.88703, -13.37511
 -23.67971, -14.30157
 -25.26885,   3.30794
