  -0.05481,   1.26802
   0.03337,   1.39986
   0.04881,   0.97142
   0.05257,   0.96976
   0.08751,   1.32335
   0.06981,   1.58467
   0.11134,   1.58467
   0.08843,   1.95106
   0.10372,   1.74749
   0.09909,   1.74749
   0.14216,   1.41489
   0.21254,   1.24077
   0.20679,   1.24077
   0.21602,   0.70919
   0.30914,   0.72419
   0.26896,   0.72419
   0.31686,   1.21365
   0.32196,   1.27352
   0.32166,   0.89159
   0.31472,   0.89159
   0.38802,   0.78359
   0.39292,   1.74676
   0.46040,   1.74676
   0.51394,   1.20015
   0.47501,  -0.42209
   0.46166,  -0.42209
   0.50454,   1.29535
   0.50881,   0.42682
   0.47711,   0.44409
   0.53151,   0.44409
   0.54987,   1.77974
   0.53602,   1.50785
   0.57278,   1.50785
   0.64431,   5.06310
   0.54301,  -7.00567
   0.49268,  -7.00567
   1.09834,  21.95643
   1.00188,  -9.05269
   0.67277, -10.03337
   0.38831, -10.03337
   1.38980,  39.87959
   4.60570, 156.73830
   7.52855, 156.73830
  10.88929, 168.84985
  12.99249, 115.64660
  14.99166, 115.64660
  15.82426,  50.51618
  15.68127,  12.49448
  15.24112,  -1.71741
  15.01226,  -1.71741
  14.66024,  -5.76467
  14.20798,  -1.36223
  13.86430,  -1.36223
  14.05073,  17.80885
  13.92972,   4.89737
  13.66003,   4.89737
  13.14498,  -6.80720
  12.90079,  -0.01039
  13.29508,  26.71195
  13.57958,  26.71195
  13.34622,   8.41225
  12.82355, -10.44588
  12.54181, -10.44588
  12.26659,  -7.88857
  12.59054,  32.75669
  12.92636,  32.75669
  13.69180,  42.84616
  13.40316,  -7.41150
  12.81848, -11.38123
  12.21714,  -9.97226
  12.74579,  36.54313
  13.06353,  16.55927
  13.18687,  16.55927
  12.71084,  -6.35853
  12.18874,  -6.35357
  11.87110,  -6.35357
  12.79862,  52.02538
  12.63453,   3.19989
  12.28544,   3.19989
  11.67934, -12.13083
  11.50023,  -4.67142
  13.09179,  84.84123
  14.42567,  84.84123
  14.24998,  13.12477
  13.79695, -12.32709
  13.39548, -12.32709
  13.00616,  -5.85875
  13.02255,  18.54813
  13.04546,  18.54813
  12.88605,   5.55969
  12.66319,  -0.68275
  12.27544,   0.07704
  11.84138,   0.07704
  11.78867,   9.57926
  11.97819,  24.96934
  12.00475,  24.96934
  11.90917,   4.93478
  11.85292,   1.66020
  11.66685,   1.66020
  11.81151,   6.19803
  11.58736,   2.19960
  11.28628,  -4.79560
  11.15689,  -4.79560
  10.98354,  -9.92256
  10.71460,  -1.15541
  10.38289,  -1.15541
  10.95723,  39.09986
  10.69904,  -7.26771
  10.28053,  -7.26771
   9.77373,  -7.19091
  10.32824,  49.43873
  10.50257,  20.01448
  10.72837,  20.01448
  10.40541,   3.40290
  10.34795,   4.93051
  10.14298,   4.93051
   9.87957,   1.91808
   9.74977,   1.93674
   9.52347,   1.93674
   9.30943,   0.07694
   9.21101,   0.41043
   9.02469,   1.50419
   8.97636,   1.50803
   8.86464,   1.47694
   8.66808,  -1.44735
   8.60092,  -1.44735
   8.38770,  -2.90755
   8.11979,  -6.18949
   7.99711,  -6.18949
   7.64707,  -9.02366
  10.82117, 173.96434
  14.26795, 173.96434
  17.24524, 161.04353
  19.58788, 146.46181
  19.32701,   3.66939
  19.13663,   3.66939
  18.52734,  -6.61323
  17.85485,  -5.57171
  17.35865,  -5.57171
  17.53367,  23.08955
  17.35969,   7.34078
  17.05466,   7.34078
  16.47211,  -6.21970
  16.16668,   4.52888
  16.04406,  10.14133
  16.09332,  16.57028
  15.67611,  -3.82188
  15.22763,  -0.85500
  14.82187,  -0.85500
  14.90662,  15.23381
  14.91374,  12.72796
  14.87621,  12.72796
  14.31251,  -7.16895
  13.88165,  -7.78290
  13.64724,  -7.78290
  13.80777,  24.48593
  13.90444,  27.07456
  13.22578, -12.85495
  12.90454, -12.85495
  12.57341,  -9.86611
  12.97325,  38.94873
  13.41719,  38.94873
  14.52352,  57.89109
  14.31481,  -4.30652
  13.83369,  -4.30652
  13.15733,  -8.89842
  13.33659,  25.79096
  13.45864,  12.48556
  13.53736,  12.48556
  13.06990,  -6.80471
  12.51424,  -5.35765
  12.12107,  -5.35765
  12.76742,  36.80418
  13.48266,  46.72521
  14.00847,  46.72521
  13.76437,  -0.32112
  13.48185,  -5.57027
  13.33365,   1.55396
  13.00994,   1.75573
  13.14016,  22.02471
  12.87886,  -1.97661
  12.72118,  -1.97661
  12.37577,  -5.63330
  12.17117,   7.13760
  11.98960,   7.13760
  12.13113,  13.80233
  11.83123, -10.77456
  11.32335, -10.77456
  10.83186,  -7.24461
  10.87768,  14.93845
  11.46794,  31.99142
  11.98310,  31.99142
  11.55914,  -1.06056
  11.10068,  -8.54367
  10.92125,  -8.54367
  10.72857,  -3.46704
  12.84921, 124.60269
  14.98245, 124.60269
  15.47475,  30.64031
  15.17441,  -4.00848
  14.50809,  -6.81476
  13.90257,  -6.81476
  14.15718,  17.72723
  16.19740, 109.23834
  17.90811, 109.23834
  17.50032,   2.10175
  17.09678,  -7.91558
  16.73893,  -7.91558
  16.39463,   2.26319
  16.78186,  43.99985
  16.18790,  -9.46523
  15.68619,  -9.46523
  15.43288,  -1.83393
  15.85993,  31.93688
  16.18568,  31.93688
  15.65345,  -7.27271
  15.28292,   0.18692
  15.00243,   0.18692
  15.04060,  13.48314
  14.62971, -11.60772
  14.45392,   3.15432
  14.18553,   3.15432
  14.04914,  11.97999
  13.41886, -13.47072
  12.92493, -13.47072
  13.16670,  17.81668
  13.28895,  11.00582
  13.21673,  11.00582
  12.45616, -16.14359
  12.20722,   6.92520
  12.48891,  21.38206
  12.97394,  25.06373
  12.51684, -10.81680
  11.93493,  -8.42794
  11.43962,  -8.42794
  12.06817,  37.21584
  12.42079,  21.93198
  12.56648,  21.93198
  12.06524,  -4.69775
  11.69439,  -6.91862
  11.48519,  -6.91862
  12.57570,  62.07470
  13.27390,  55.53783
  12.92070,  -1.29724
  12.76194,  -1.29724
  12.47808,  -6.47378
  12.21308,   6.35705
  12.05478,   6.35705
  12.50585,  33.53627
  12.33676,  -2.23609
  12.06016,  -2.23609
  11.63324,  -6.63313
  11.47223,   2.40236
  11.66772,  13.27187
  11.97460,  23.27733
  11.65669,   2.64185
  11.03007, -12.19522
  10.67474, -12.19522
  10.58935,  -0.32600
  11.44624,  56.76045
  12.17615,  56.76045
  12.53737,  23.38297
  12.33766,  -1.05172
  11.79092,  -6.76236
  11.36287,  -5.33758
  11.16972,  -7.56396
  14.15788, 161.18874
  16.96714, 161.18874
  19.90316, 159.20105
  20.00222,  17.57212
  19.83076,  17.57212
  19.25549,  -1.04898
  18.78271,  -7.64643
  18.45533,  -7.64643
  18.69585,  26.14419
  18.31974,   1.24499
  17.70381,  -6.68867
  17.11904,  -6.68867
  16.87330,  10.42542
  16.24034, -10.34288
  15.65319, -10.34288
  15.86523,  23.29491
  15.53796,  -4.74916
  15.05133,  -4.74916
  14.54199,  -4.51074
  14.43640,  12.53039
  14.22720,   2.70695
  14.08649,   2.70695
  13.67043,  -6.77975
  13.31357,   1.12209
  12.93254,   1.12209
  13.10529,  19.00418
  12.78790,  -9.52302
  12.38660,  -9.52302
  11.77468,  -7.29481
  11.65349,   8.27437
  12.07329,  28.14733
  12.42740,  28.14733
  12.05347,   2.02636
  11.59213, -10.90753
  11.33016, -10.90753
  10.75387, -15.00170
  10.81358,  22.61748
  11.06490,  22.61748
  12.46081,  75.03600
  12.31392,  13.35777
  11.94397,  -6.45526
  11.71437,  -6.45526
  11.19495, -10.99621
  10.33985, -17.00163
   9.76771, -17.00163
  10.98382,  60.03722
  11.93904,  59.79971
  12.66409,  59.79971
  11.78629, -35.54395
  11.03762, -20.17978
  10.51655, -18.05461
   9.97032, -11.85932
   9.83750,   2.99346
   9.42157, -12.52717
   8.77204, -12.52717
   8.50364,  -3.95588
   8.86896,  21.05559
   9.01522,  21.05559
   7.10125, -78.58159
   7.51759,  29.44028
   8.24102,  29.44028
   5.43149,-131.13547
   5.82693,  33.22760
   3.13404,-145.16403
   0.38084,-145.16403
   0.89443,  37.38398
   0.08022, -34.72347
  -0.47234, -34.72347
  -1.29868, -53.31441
  -1.19245,   3.04643
  -1.34858,   3.04643
  -4.30937,-157.11656
  -3.62236,  19.50801
  -3.68414,  -9.84063
  -7.06910,-164.86086
  -9.74665,-152.93884
  -9.43581,   5.94284
  -9.20973,   5.94284
  -9.75845, -45.05572
  -9.32743,  12.43991
  -8.72551,  12.43991
  -8.08669,  24.24606
  -8.01608, -13.59515
  -8.19239, -13.59515
  -8.12331, -12.30721
  -6.92089,  53.89423
  -7.82574, -57.90554
  -8.92390, -57.90554
  -8.42020,   7.47313
  -7.88108,  23.10780
  -7.27607,  23.10780
  -7.37498, -14.21657
  -7.08365,   1.34439
  -7.12987,   1.34439
  -6.88608,  -2.79766
  -8.69028, -95.14417
 -10.44565, -95.14417
  -9.76367,  13.07122
 -11.05311, -78.11668
 -10.46894,  24.77958
  -9.84381,  24.77958
 -10.13273, -41.01168
  -9.18955,  42.49562
  -8.40272,  42.49562
  -8.15963,  -6.24167
  -6.67314,  59.02754
  -5.38014,  59.02754
  -5.42557,  -0.84618
  -4.36702,  38.42180
  -4.16769,   3.48626
  -4.32347,   3.48626
  -3.56896,  24.40608
  -3.31132,   5.69338
  -3.15599,   5.69338
  -3.24416,   2.37821
  -2.61369,  17.02372
  -2.45022,  17.02372
  -3.16427, -39.07040
  -2.70957,  17.98908
  -2.42676,  17.98908
  -2.67029, -18.46513
  -3.69012, -54.62569
  -3.13128,  28.12625
  -2.61645,  28.12625
  -2.73069, -22.43400
  -2.41792,  21.22496
  -1.84822,  21.22496
  -1.97725,  -0.66219
  -2.63305, -39.47911
  -3.50503, -39.47911
  -2.82528,  24.43249
  -2.62754,   8.54347
  -2.29083,   8.54347
  -2.50852,  -5.29360
  -1.74566,  25.86831
  -2.05028,  -8.75325
  -2.06295,  -8.75325
  -2.79316, -38.25615
  -2.20528,  26.20772
  -1.68353,  26.20772
  -1.35065,  17.21763
  -1.42204,  -5.86751
  -1.60625,  -5.86751
  -1.62438,  -4.58806
  -1.04194,  32.60642
  -0.36897,  32.60642
  -0.75092, -18.27476
  -0.47336,   7.32332
  -0.02668,  24.88020
   0.48670,  24.88020
  -0.21922, -37.30212
  -0.33232,   4.58056
  -0.22350,   4.58056
   0.18381,  17.22872
  -0.52988, -32.87812
  -1.03161, -32.87812
  -1.56667, -23.63306
  -1.02563,  20.45315
  -1.02373,   0.19001
  -1.00493,   0.19001
  -2.70999, -87.62612
  -2.72641,   4.03863
  -2.53777,   4.03863
  -2.18546,  21.70313
  -2.82399, -40.83493
  -3.72928, -40.83493
  -4.36804, -36.57546
  -3.31054,  45.34335
  -3.21518,   1.05310
  -3.27605,   1.05310
  -3.23970,   1.20095
  -2.83889,  11.59189
  -2.59985,  11.59189
  -3.36627, -45.37128
  -3.84376, -23.56707
  -4.21047, -23.56707
  -3.61919,  26.34444
  -3.84062, -15.48775
  -4.13456, -15.48775
  -3.72373,  14.90672
  -3.89888,  -6.42621
  -4.23456, -29.80702
  -4.86533, -29.80702
  -3.76521,  49.80279
  -4.27559, -23.78090
  -4.42587, -23.78090
  -4.34647,  11.01247
  -3.99266,   5.16943
  -3.84277,   5.16943
  -4.78048, -47.26005
  -4.54202,  19.24784
  -6.10550, -93.72552
  -7.93677, -93.72552
  -7.44892,  13.73621
  -6.55110,  36.00598
  -5.79948,  36.00598
  -5.44446,   5.37517
  -4.72482,  35.96374
  -4.03974,  35.96374
  -4.11129,  -6.51116
  -3.43673,  22.74347
  -3.10697,  22.74347
  -3.11008,   2.18835
  -3.37695, -16.89649
  -3.25257,   2.84218
  -3.32246,   2.84218
  -4.69137, -69.37881
  -4.45640,   3.31626
  -4.52418,   3.31626
  -5.61095, -55.31107
  -5.44056,  -1.00267
  -5.50384,  -1.00267
  -6.04129, -21.84352
  -6.16436,  -1.66313
  -7.43591, -71.52686
  -8.54208, -71.52686
  -8.58307,  -0.30198
  -9.90980, -54.19760
 -10.77878, -54.19760
 -10.59555,  -7.72896
 -10.13978,  12.56831
  -9.75798,  12.56831
  -9.22412,  17.51379
  -9.57231, -24.58208
 -10.19077, -26.54138
 -10.82209, -26.54138
 -10.02300,  30.87576
  -9.20114,  29.25614
  -8.48737,  29.25614
  -8.54583,  -4.46149
  -8.46206,   4.87818
  -8.27309,   4.87818
  -7.61550,  25.84712
  -8.21328, -35.08654
  -8.46327, -16.95014
  -9.76413, -62.31797
  -9.97068,  -9.92288
  -9.84528,   4.33141
  -9.73898,   4.33141
  -9.78808,  -3.51568
  -9.98008,  -7.36214
 -10.19204,  -7.36214
 -10.18723,   5.71056
 -10.12771,   3.91254
  -9.96986,   3.91254
 -10.05225,  -9.70166
 -10.20197, -13.29463
 -10.84759, -36.63895
 -11.49358, -36.63895
 -12.07862, -34.78062
 -12.07731,  -5.37906
 -12.07427,  -5.37906
 -12.09875,  -2.92367
 -11.93985,  14.20561
 -11.75340,  14.20561
 -11.70302,   5.75564
 -11.13735,  25.62951
 -10.64499,  17.67817
 -10.13750,  17.67817
 -10.32012, -11.29038
 -11.25750, -46.96099
 -12.19645, -46.96099
 -12.30141,  -4.98038
 -12.44164,  -4.99080
 -12.59316,  -4.99080
 -12.13541,  23.10943
 -11.84066,  11.27999
 -11.48354,  11.27999
 -13.07947, -81.09283
 -13.74084, -31.67131
 -13.94594, -11.00392
 -14.17141, -11.00392
 -13.96493,   9.07537
 -14.08676,  -9.83502
 -14.18103,  -9.83502
 -13.85729,  14.15067
 -13.25068,  30.47195
 -12.50814,  30.47195
 -13.15661, -35.81977
 -14.63551, -71.29179
 -14.71533,  -8.36657
 -14.67850,  -8.36657
 -14.50155,   2.43126
 -14.76061, -15.02707
 -14.91358, -15.02707
 -14.81234,   3.98446
 -14.35181,  22.20979
 -13.91403,  22.20979
 -15.14313, -63.86045
 -16.35080, -60.66051
 -16.33819,  -3.16798
 -16.36758,  -3.16798
 -16.16978,  -2.36877
 -16.04838,  -2.02379
 -16.04163,  -2.02379
 -16.26112, -16.88961
 -17.33936, -60.51760
 -18.44166, -60.51760
 -18.75186, -17.80148
 -18.29646,  14.10262
 -18.46676, -17.22592
 -19.95148, -79.64404
 -19.97171, -11.36179
 -20.05709, -16.02254
 -20.16526, -16.02254
 -20.01290,  -1.16012
 -20.60606, -36.69829
 -21.13364, -36.69829
 -21.77326, -37.43076
 -21.44666,   4.96298
 -21.11394,   4.96298
 -23.08101,-104.74002
 -23.05301,  -7.76356
 -23.22063, -18.52674
 -23.37573, -18.52674
 -23.72486, -30.39471
 -23.57579,  -3.23404
 -23.39013,  -3.23404
 -23.92264, -37.34620
 -22.88601,  36.89674
 -21.93867,  36.89674
 -22.73826, -50.12605
 -22.70286,  -9.70734
 -22.88749, -23.17815
 -23.10008, -23.17815
 -23.46058, -27.70705
 -23.32532,  -5.22369
 -23.20390,  -5.22369
 -23.93168, -49.70648
 -23.98534, -13.87911
 -24.06145, -13.87911
 -25.37494, -76.66364
 -25.30082,  -8.04143
 -25.16952,  -8.58238
 -25.33027, -23.00364
 -25.74107, -35.38134
 -25.33213,   3.61500
 -24.91520,   3.61500
 -26.16122, -75.77161
 -25.76737,   2.31846
 -25.38830,   2.31846
 -25.72107, -35.59637
 -25.86846, -28.10402
 -26.00496, -28.10402
 -26.14582, -28.45861
 -26.43448, -35.02996
 -25.66980,  14.13628
 -24.92169,  14.13628
 -26.24604, -87.93496
 -25.72798,   2.20216
 -25.30163,   2.20216
 -25.54095, -32.41434
 -26.80466, -81.76969
 -27.92124, -81.76969
 -27.91483, -25.39613
 -27.97462, -21.48651
 -27.44026,   2.00255
 -26.93204,   2.00255
 -27.67793, -57.71505
 -28.30657, -57.53918
 -28.93056, -57.53918
 -28.41801,  -1.11974
 -28.64498, -38.23248
 -28.96771, -38.23248
 -29.51395, -58.53238
 -29.90169, -52.39489
 -29.95513, -32.38216
 -29.66523, -18.80363
 -28.86611,   5.93418
 -30.22967, -97.75937
 -31.56945, -97.75937
 -32.61483, -88.65757
 -32.27937, -20.30059
 -31.89170, -20.30059
 -31.70646, -29.65632
 -31.83758, -43.69353
 -31.20064,  -8.18079
 -30.51130,  -4.40737
 -29.63677,   6.58926
 -29.12065,  -4.27251
 -28.60500,  -4.27251
 -28.19494, -10.98828
 -27.73420, -12.90979
 -27.27906, -12.90979
 -27.16763, -29.20662
 -26.95959, -27.13059
 -26.57739, -14.99405
 -26.16942, -14.99405
 -26.67403, -62.05539
 -28.98379,-150.81664
 -31.31009,-150.81664
 -32.73558,-108.33264
 -32.64030, -33.64173
 -32.48558, -33.64173
 -32.09653, -22.92596
 -31.76510, -27.78884
 -31.35970, -27.78884
 -31.39240, -47.22289
 -32.21596, -88.79659
 -32.32172, -54.13978
 -32.51279, -54.13978
 -31.95855, -10.70857
 -31.46275, -18.62506
 -30.91739, -18.62506
 -31.27143, -55.32505
 -30.65086,   0.07181
 -29.98650,   0.07181
 -29.72242, -26.68741
 -29.69749, -46.50570
 -31.39505,-133.23814
 -33.07291,-133.23814
 -32.97262, -45.18151
 -32.18601,  -2.26428
 -31.39813,  -2.26428
 -30.38770,   2.98826
 -31.96165,-118.08752
 -33.60875,-118.08752
 -33.35870, -25.45018
 -32.65012,  -7.99133
 -32.27430, -28.04475
 -31.86786, -28.04475
 -31.25016, -19.21895
 -30.11652,   8.39469
 -29.14806,   8.39469
 -28.55961, -11.66449
 -29.45162, -84.98579
 -30.46206, -84.98579
 -30.52200, -34.63620
 -29.79313,  -2.81488
 -28.85844,  -1.49342
 -27.97019,  -1.49342
 -27.51316, -21.88870
 -27.10508, -14.01231
 -26.75512, -14.01231
 -27.51140, -75.14326
 -26.59504,  14.25260
 -25.74430,  14.25260
 -25.17773,  -9.64065
 -25.54076, -60.57796
 -28.28357,-178.35635
 -31.08262,-178.35635
 -30.54495,  -6.76301
 -30.12412, -16.54032
 -29.57917, -16.54032
 -29.59216, -40.04039
 -28.81530,   0.73197
 -27.97364,   0.73197
 -27.38249, -12.14708
 -27.53416, -41.16784
 -26.65357,   0.79048
 -25.67723,   5.29747
 -24.88447,   5.29747
 -24.98705, -31.13050
 -25.51172, -62.93451
 -26.06794, -62.93451
 -25.49882,  -6.81454
 -24.51622,   9.64390
 -23.29466,  17.94487
 -22.22155,  17.94487
 -21.93091, -19.94569
 -21.28770,   4.31191
 -20.74280,   4.31191
 -20.42609, -15.35588
 -20.56874, -41.29524
 -19.96490, -11.88661
 -19.63525, -11.88661
 -19.44467, -18.93891
 -19.14986, -11.04069
 -18.67465, -11.04069
 -16.98851,  53.82054
 -16.60102,  -2.87780
 -16.44761, -13.56839
 -16.11398, -13.56839
 -15.38058,  10.23641
 -15.56088, -30.49335
 -15.61602, -30.49335
 -14.94016,   5.56808
 -15.67273, -64.09122
 -16.41255, -64.09122
 -16.12568, -11.36063
 -15.02162,  25.65558
 -14.66045,  -2.80576
 -14.18964,  -2.80576
 -14.09863, -18.68388
 -13.88831, -13.57246
 -13.57882, -13.57246
 -12.56557,  28.61572
 -12.10816,  -2.55590
 -11.72021,  -2.55590
 -11.76911, -17.49485
 -11.25542,   0.57873
 -10.88204,  -1.74230
 -10.62160,  -1.74230
 -10.57688, -21.66294
  -9.90531,  11.05364
  -9.34385,  11.05364
  -9.97513, -52.52533
  -9.67699,  -7.66335
  -9.54862,  -7.66335
  -8.99864,   3.81803
  -8.68089,  -6.19703
  -8.20316,  12.06687
  -7.62813,  11.87650
 -10.16395,-151.60414
  -9.13090,  30.00928
  -8.40337,  30.00928
 -10.75893,-147.34215
  -9.72777,  21.16096
  -9.10109,  21.16096
 -11.55833,-140.64941
 -10.46249,  19.60246
 -10.12100, -11.24282
 -12.46860,-133.69855
 -11.68489,  20.71881
 -13.34868,-121.18214
 -15.15533,-121.18214
 -14.56309,  16.35073
 -15.75943, -86.60486
 -16.82775, -86.60486
 -15.95464,   9.61058
 -16.01984, -28.63650
 -16.25191, -28.63650
 -15.04375,  23.83765
 -17.12369,-134.30431
 -15.74059,  40.88914
 -14.50646,  40.88914
 -17.05689,-160.87373
 -16.18185,  16.07361
 -15.40877,  16.07361
 -14.84227,  -0.49316
 -14.23656,   4.22726
 -13.78032,   4.22726
 -13.17053,   1.75163
 -12.69968,   7.89239
 -11.78098,  21.77923
 -10.90761,  21.77923
 -10.38823,  10.79819
 -11.93764,-100.58929
 -13.42599,-100.58929
 -13.00878,   1.32426
 -12.33937,   6.42752
 -11.86605,   6.42752
 -13.86352,-121.38668
 -12.41279,  44.56481
 -11.21636,  46.76713
 -10.29664,  21.65724
 -10.16249, -14.12040
  -9.80339,   6.04218
  -9.20081,   6.04218
  -8.68357,  10.75745
  -8.11464,   8.91103
  -7.53996,   8.91103
  -6.61802,  23.97956
  -3.14786, 162.30312
   0.44856, 162.30312
   1.27526,  33.23307
   4.38756, 156.86905
   6.37657,  99.49366
   7.08191,  29.34156
   4.04040,-160.50674
   4.52232,  32.40902
   5.05377,  32.40902
   3.89249, -54.12457
   3.49451, -19.71744
   3.26685, -19.71744
   3.89077,  22.42543
   4.03372,   7.16119
   3.96899,   7.16119
   3.38796, -23.06645
   3.66343,  15.05655
   3.69034,   6.34809
   3.81882,   6.34809
   3.86592,  -8.55004
   4.42818,  24.08280
   4.88574,  24.08280
   4.85977,   1.38245
   5.59250,  33.31859
   6.17096,  33.31859
   6.81866,  28.39156
   6.60468, -14.10298
   6.13801, -19.34054
   5.57282, -19.34054
   6.06331,  28.37771
   6.88541,  45.66957
   7.53239,  45.66957
   4.89252,-120.63943
   5.04036,   4.29017
   5.27310,   4.29017
   5.24166,   3.13229
   4.09174, -46.77647
   3.00878, -46.77647
   3.45559,  19.83830
   3.87221,  11.98883
   4.53264,  28.43202
   4.94251,  28.43202
   5.17285,  22.62193
   4.42846, -36.70998
   3.69171, -36.70998
   4.10571,  20.45616
   3.97386,  -7.70173
   3.65659,  -7.70173
   3.57614,   5.98882
   3.85658,   9.91268
   3.82435,  -4.28985
   3.39706, -15.75125
   3.49016,  12.43590
   3.00719, -17.27811
   2.77159, -17.27811
   2.79258,  13.42387
   2.24930, -15.31565
   2.03109, -15.31565
   2.25735,   9.93754
   1.89220,  -7.51677
   1.71731,  -7.51677
   2.21735,  26.71927
   2.24630,  12.72746
   5.75768, 174.77576
   8.93784, 174.77576
   9.18243,  24.51397
   8.90230,   4.68211
   8.60278,   4.68211
   8.27708,  -3.94242
   8.31760,  25.15635
   8.54594,  25.15635
   8.64969,  26.00333
   8.07732,  -9.49246
   7.64036,  -8.98971
   7.03841,  -7.21396
   8.22773,  70.38601
   8.02279,   8.51674
   7.81248,   8.51674
   7.72674,  11.59332
   7.91508,  22.60159
   7.91494,  22.60159
   7.36621, -12.48555
   7.54545,  26.39279
   7.75245,  26.39279
   7.77923,  18.28740
   7.35403,  -3.65264
   7.46925,  25.73660
   7.74918,  25.73660
   7.40252,  -3.32228
   7.11064,   8.11665
   7.11758,   8.11665
   6.81440,  -0.14548
   5.60484, -37.70326
   4.47330, -37.70326
   4.74986,  15.92240
   3.53932, -35.00020
   3.91437,  34.28085
   4.42684,  34.28085
   3.86030,  -9.43121
   3.90630,  18.91046
   3.98702,  18.91046
   3.55836,  -3.57132
   2.98666, -11.16192
   2.44931, -11.16192
   2.26296,   4.64186
   1.71827,  -8.67449
   1.29022,  -8.67449
  -0.09599, -54.20477
   0.50757,  46.46094
   1.04552,  46.46094
   0.83725,   4.05858
   0.34388, -10.22623
   0.21493,   2.40565
   0.05135,   2.40565
  -0.67091, -23.84333
  -1.31318, -16.69845
  -2.03447, -16.69845
  -1.68194,  33.08935
  -1.97593,   0.56512
  -2.26463,   0.56512
  -2.38585,  12.34472
  -2.75017,   1.38480
  -3.29719,  -9.25630
  -3.73076,  -9.25630
  -3.81105,   8.79493
  -3.50489,  25.41447
  -3.02496,  25.41447
  -2.86659,  11.06770
  -2.86453,   7.54743
  -2.93663,   7.54743
  -3.03748,  11.61043
  -3.08882,  13.51121
  -3.24812,  10.24386
  -3.30674,  10.78734
  -3.11968,  23.85551
  -3.00012,  15.12984
  -2.87627,  15.12984
  -2.70029,  17.73345
  -2.82172,   3.79283
  -2.90536,   3.79283
  -3.01854,   5.27226
  -3.50724, -12.13679
  -4.03052, -12.13679
  -4.06497,  14.51792
  -3.74177,  29.86320
  -3.71762,  15.56936
  -3.62734,  15.56936
  -3.49482,  17.89904
  -4.18227, -23.04869
  -4.78329, -23.04869
  -6.07528, -55.28327
  -7.07645, -41.17629
  -8.06305, -41.17629
  -8.72548, -22.40511
  -9.18592, -19.16256
  -9.53191, -19.16256
 -10.76507, -58.28460
 -11.90156, -49.86707
 -12.25654, -13.72654
 -12.49013, -13.72654
 -11.94963,  24.78982
 -11.70687,  15.43659
 -11.46007,  15.43659
 -12.48760, -49.20109
 -13.04611, -28.48784
 -13.89150, -42.61613
 -14.50619, -32.31030
 -15.17359, -36.69739
 -15.01548,   6.52309
 -14.80520,   6.52309
 -14.14662,  33.64799
 -15.56513, -73.55910
 -16.97629, -73.55910
 -17.82421, -44.76336
 -17.71448,  -1.04425
 -17.61408,  -1.04425
 -17.89271, -21.86507
 -17.23158,  29.22295
 -18.50046, -68.46639
 -19.75412, -68.46639
 -19.87661, -15.42405
 -18.65537,  52.10752
 -17.43829,  52.10752
 -18.84982, -79.91903
 -18.84547,  -4.13714
 -18.73625,  -4.13714
 -18.89410, -14.02058
 -18.84297,  -8.33107
 -19.63853, -46.28598
 -20.42760, -46.28598
 -20.59558, -17.26165
 -19.23885,  54.85463
 -17.94026,  54.85463
 -19.23544, -74.53561
 -19.10049,  -2.16401
 -18.92416,  -2.16401
 -18.73676,  -3.14307
 -19.23671, -34.69983
 -19.34926, -16.66345
 -19.49038, -16.66345
 -19.91694, -37.73188
 -19.90622, -13.29198
 -19.91772, -13.29198
 -19.90902, -13.36408
 -20.85375, -65.10848
 -21.90721, -65.10848
 -22.62558, -50.24774
 -22.34350,  -3.36071
 -22.16594,  -5.85251
 -21.96079,  -5.85251
 -22.12476, -27.89428
 -21.81312,  -1.62654
 -21.54768,  -1.62654
 -21.54520, -18.32953
 -22.46630, -66.16045
 -23.44966, -66.16045
 -24.06505, -44.67483
 -23.66571,   3.19144
 -23.18927,   1.85823
 -22.73375,   1.90612
 -23.01292, -38.46925
 -22.81964, -13.01180
 -22.63528, -13.01180
 -22.25902,  -3.82198
 -22.99382, -60.16163
 -23.76120, -60.16163
 -24.86127, -78.59850
 -25.51318, -57.37200
 -26.12639, -57.37200
 -25.96693, -23.91440
 -25.75943, -20.94599
 -25.54813, -19.85642
 -25.31039, -19.85642
 -25.82345, -54.24878
 -26.67072, -69.41422
 -27.54662, -69.41422
 -28.92864, -97.61762
 -29.30301, -52.39714
 -29.61834, -52.39714
 -30.61255, -83.46087
 -30.73266, -43.75811
 -30.69458, -35.55266
 -30.59221, -35.55266
 -29.85902,  -3.33345
 -29.23408,  -4.40927
 -28.55157,  -4.40927
 -27.77152,  -0.75943
 -27.21587, -10.52732
 -26.71172, -10.52732
 -25.85146,   6.88354
 -25.72531, -30.45207
 -24.53532,  17.39084
 -22.78654,  50.22900
 -22.76632, -27.01948
 -23.59913, -62.70342
 -24.14052, -62.70342
 -23.31869,  -5.02830
 -22.62496,  -3.27578
 -22.15798,  -3.27578
 -24.87384,-165.98541
 -24.44479,  -7.90074
 -23.98034,  -7.90074
 -23.48787, -16.65564
 -23.73443, -48.00750
 -23.53056, -19.66173
 -23.16422, -19.66173
 -22.57704, -11.72620
 -22.60760, -30.79752
 -22.57579, -30.79752
 -21.84740,  -3.69136
 -21.76771, -33.36695
 -21.71105, -33.36695
 -21.31097, -10.21022
 -21.05551, -28.87659
 -20.90701, -21.48268
 -20.63449, -21.48268
 -20.44956, -20.76631
 -20.12601, -23.94116
 -20.05885, -23.94116
 -19.59715, -11.77686
 -18.62612,  21.91722
 -17.53639,  21.91722
 -17.41819, -14.19840
 -17.28774, -29.94131
 -17.35467, -29.94131
 -16.96219, -11.22139
 -19.44175,-154.56645
 -19.08058, -14.75604
 -18.60777, -14.75604
 -18.13937,  -1.75405
 -17.67859, -11.67468
 -17.34331, -11.67468
 -19.70205,-146.88069
 -19.03322,  -3.04343
 -18.53921,  -3.04343
 -17.96346,  -8.58151
 -17.49104,  -9.95185
 -16.87020,   2.81312
 -16.28389,   2.81312
 -15.52965,   2.48098
 -15.37938, -14.82433
 -15.05805, -14.82433
 -14.80666, -12.04564
 -14.19547,   4.86085
 -13.54337,   4.86085
 -12.91681,   3.56028
 -14.12224, -77.00904
 -16.72519,-160.53731
 -19.43371,-160.53731
 -18.72085,   8.31180
 -18.19359,  -7.74071
 -17.70699,  -7.74071
 -17.25793,  -5.14824
 -16.50858,   3.82079
 -15.84724,   3.82079
 -15.46747, -11.56538
 -14.84486,  -6.46274
 -14.51153,  -6.75635
 -13.99575,  -6.75635
 -13.76286, -19.28378
 -13.34874,  -4.43316
 -12.90542,  -4.43316
 -12.51206,  -3.78950
 -11.84307,  -1.41639
 -11.49496,  -1.41639
 -11.46859, -21.09554
 -10.89078,   3.76215
 -11.97560, -84.24402
 -13.17074, -84.24402
 -12.54027,  13.86718
 -13.58627, -74.29866
 -14.49755, -74.29866
 -13.40340,  14.44056
 -13.45652, -29.00918
 -13.76053, -29.00918
 -12.99535,  12.00510
 -12.62888, -22.24155
 -12.11098,   6.31760
 -11.69383,   6.31760
 -11.31981,  -9.31950
 -10.67137,   0.35500
 -10.23883,   0.35500
 -10.12664,  -5.13477
  -9.49144,   1.17586
  -8.95589,   1.17586
  -8.60855,  -6.84325
  -8.40530,  -6.00788
  -8.19417,  -6.00788
  -7.71217,   2.54518
  -7.77732, -25.48423
  -7.15404,  14.28391
  -6.72063,  14.28391
  -6.49986,  -2.30898
  -5.65418,  20.04593
  -4.86700,  20.04593
  -4.46711,  15.02410
  -5.57357, -60.64930
  -6.38853, -60.64930
  -5.37006,  19.74614
  -7.79256,-133.67201
  -7.10161,  27.07350
  -6.08324,  27.07350
  -7.93139,-122.63464
  -6.89215,  26.30694
  -6.11333,  26.30694
  -6.72608, -41.94613
  -6.25333,   6.13334
  -5.60245,   6.13334
  -4.67317,  24.93508
  -4.20816,   6.83904
  -2.89770,  52.26321
  -1.83033,  46.79315
  -1.42217,  14.22972
  -1.30933,   0.82884
  -1.17594,   0.82884
  -1.26925, -20.09344
  -0.49565,  28.31897
   0.28036,  28.31897
   0.97391,  20.42974
   0.85040, -22.26798
   1.01439,   1.66655
   1.12072,   1.66655
   1.87402,  29.80242
   2.88856,  41.12268
   3.67412,  41.12268
   3.64435,   5.34552
   3.18928, -24.43047
   2.83772, -24.43047
   3.77441,  44.37859
   4.65343,  42.83967
   5.62294,  42.83967
   6.08945,  12.48113
   5.48789, -34.58686
   5.79524,  12.71126
   6.06891,  12.71126
   6.53617,  22.70153
   6.94231,  16.58170
   7.32222,  16.58170
   7.76452,  19.69791
   8.22699,  24.83319
   8.76778,  24.83319
   9.11992,  19.43479
   9.31649,  13.80975
   9.49411,  13.80975
   9.96508,  29.23726
  10.06782,  10.51687
  10.48799,  28.73440
  10.89264,  28.73440
  11.19616,  23.76331
  11.11001,   5.28665
  11.14180,   5.28665
  11.42102,  21.52069
  11.53833,   8.43240
  11.58272,   8.43240
  11.57896,   6.74661
  12.01858,  29.02716
  12.05827,   8.75545
  12.12153,   8.75545
  12.53442,  28.79528
  12.64448,  12.69522
  12.74946,  12.69522
  13.29286,  32.57424
  13.52333,  20.10016
  13.72046,  20.10016
  13.96201,  26.55113
  14.09109,  20.24607
  14.18505,  21.34722
  14.34796,  25.43904
  14.48157,  23.12494
  14.53065,  21.92614
  14.55184,  21.92614
  14.36350,  12.89212
  13.75080, -10.11877
  13.28959, -10.11877
  13.95229,  44.62690
  14.28574,  34.34055
  14.75147,  34.34055
  14.29590, -16.06585
  14.09546,   6.18210
  13.85907,  14.55931
  13.67395,  14.55931
  14.50828,  60.77959
  10.52420,-177.91635
   6.61397,-177.91635
   7.13468,  28.56639
   7.00609,  -0.78742
   6.51054,  -0.78742
   6.57895,  21.72248
   6.78769,  19.58760
   9.94257, 168.73358
  12.87059, 168.73358
  13.28472,  37.64561
  13.28958,  23.74602
  13.17802,  23.74602
  13.30831,  26.59389
  13.12827,  16.63342
  12.93076,  16.63342
  12.49016,   3.30616
  12.49361,  28.21757
  12.45209,  17.14675
  13.15407,  61.03776
  12.83734,  11.72410
  12.40364,   4.06502
  12.13503,   4.06502
  11.88553,  19.98303
  11.12072, -19.85333
  10.12347, -19.85333
   9.51715,  -4.05587
   9.72667,  28.86879
   9.81106,  28.86879
   9.13999,  -4.50810
   9.99370,  58.38006
   9.96380,  12.52092
   9.59709,  12.52092
  11.29100, 101.27655
  11.28257,  12.56665
  11.00799,  12.56665
   7.46998,-145.93645
   7.54225,  20.28589
   7.62423,  20.28589
   5.98949, -50.55837
   6.19141,  27.36473
   5.41836, -31.15664
   4.28383, -31.15664
   4.26511,  20.40165
   1.95432,-108.06014
  -0.37489,-108.06014
  -0.56630,   8.88454
  -3.36426,-123.38317
  -6.03157,-123.38317
  -6.04278,   4.15062
  -6.25975,  -4.12833
  -6.42211,  -4.12833
  -6.78138, -11.40303
  -6.97742,  -7.31339
  -6.84111,   7.62036
  -6.77063,   7.62036
  -6.61192,  12.34860
  -6.56302,   4.41757
  -6.55528,   4.41757
  -6.50636,   3.41208
  -6.73890,  -7.55840
  -6.92353,  -7.55840
  -7.27933, -16.46928
  -8.47757, -55.77116
 -11.97032,-168.88559
 -15.38390,-168.88559
 -16.11456, -35.61610
 -15.72194,  16.78291
 -15.36433,  16.78291
 -15.15024,  14.76733
 -14.99556,  10.46790
 -14.85593,  10.46790
 -16.29539, -71.95235
 -16.82979, -23.35062
 -16.30749,  23.81536
 -15.84261,  26.27456
 -15.88027,  -3.60677
 -15.93137,  -6.15031
 -15.96421,  -6.15031
 -15.64113,  13.95907
 -16.99175, -75.63386
 -18.41860, -75.63386
 -18.40503,  -5.99559
 -18.18798,   4.94751
 -17.84470,   9.57660
 -17.55030,   9.57660
 -18.15405, -36.01899
 -17.87355,  11.60257
 -17.62099,  11.60257
 -17.22010,  17.79452
 -18.14489, -50.14890
 -19.14378, -50.14890
 -18.82270,  12.30107
 -18.57789,  13.59565
 -18.34163,  13.59565
 -18.99012, -32.18942
 -18.62491,  19.76052
 -20.27044, -78.57565
 -21.91115, -78.57565
 -21.48631,  19.97994
 -21.73667, -15.02160
 -21.99532, -15.02160
 -22.18577, -17.18722
 -22.13960,  -4.90601
 -21.93753,  -4.90601
 -22.59178, -42.88177
 -22.08456,  13.42853
 -22.49920, -32.34008
 -22.89805, -32.34008
 -23.01981, -22.32857
 -22.52589,  13.38823
 -22.04214,  13.38823
 -21.99487,  -6.40568
 -22.69541, -45.35759
 -23.45589, -45.35759
 -23.43458,  -5.49910
 -24.24595, -47.11895
 -24.08106,  -0.46357
 -23.90814,  -0.46357
 -24.16751, -18.38885
 -24.78251, -39.91283
 -25.44159, -39.91283
 -25.17197,   5.15103
 -24.91808,   5.42283
 -24.64687,   5.42283
 -25.64582, -56.33968
 -25.69045, -13.94361
 -25.71798, -13.94361
 -25.36298,   4.48673
 -25.07550,   3.32330
 -24.86712,  -6.85170
 -24.70851,  -6.85170
 -25.51570, -59.81355
 -25.07368,   8.36704
 -24.56830,   8.36704
 -24.57449, -14.68589
 -25.10515, -38.66082
 -25.57738, -38.66082
 -25.50173, -10.66107
 -25.38058, -10.30878
 -26.43413, -66.40931
 -27.46174, -66.40931
 -26.75067,  18.41471
 -27.92747, -75.99656
 -29.09204, -75.99656
 -28.68031,  -0.39708
 -28.71857, -24.71737
 -28.75092, -24.71737
 -28.90793, -27.83910
 -28.54957,  -9.92761
 -29.15668, -56.79496
 -29.78150, -56.79496
 -29.28078,  -3.29113
 -30.72226, -99.29418
 -32.09825, -99.29418
 -31.63781,  -8.10687
 -31.55554, -29.75589
 -31.42258, -29.75589
 -30.62149,   4.70386
 -30.59955, -29.96037
 -29.98907,   0.92078
 -29.33689,   0.99446
 -27.84698,  39.38015
 -28.09903, -47.40121
 -28.42560, -47.40121
 -29.72590,-102.08847
 -30.04907, -54.40935
 -30.00843, -35.52242
 -29.95122, -35.52242
 -29.68837, -23.09405
 -29.60223, -32.23885
 -29.40701, -32.23885
 -29.26613, -34.36765
 -29.09200, -33.73097
 -28.92168, -33.73097
 -27.91900,   6.10326
 -27.30104, -17.17578
 -26.78851, -18.66366
 -26.45386, -18.66366
 -22.42923, 158.26956
 -21.77457, -12.11186
 -21.35816, -12.11186
 -21.84426, -56.33066
 -21.32875, -16.10684
 -21.00069, -16.10684
 -20.82331, -23.32045
 -19.88155,   9.09592
 -19.46671, -14.59384
 -19.14499, -14.59384
 -18.53010,  -5.05582
 -19.32676, -66.41557
 -19.93636, -66.41557
 -19.62460, -14.85425
 -19.27099, -15.55682
 -18.82784, -15.55682
 -18.75167, -21.51515
 -18.14404,  -5.96211
 -18.08985, -27.85364
 -17.87989, -24.01708
 -17.28240,  -5.89110
 -16.81412,  -5.96570
 -16.28478,  -5.96570
 -16.09628, -22.28349
 -18.36912,-136.32265
 -20.27819,-136.32265
 -19.46375,   7.22419
 -21.19630,-118.73228
 -22.85946,-118.73228
 -21.82612,   5.52568
 -21.25849,  -5.00945
 -20.99088, -32.71683
 -20.81353, -32.71683
 -20.16016,  -1.40822
 -20.03945, -39.20303
 -20.01955, -39.20303
 -19.61092,  -6.57821
 -18.90384,   3.50045
 -17.96000,   3.50045
 -17.91570, -38.04610
 -17.01213,  17.51446
 -19.05889,-146.53665
 -21.20912,-146.53665
 -20.04368,  20.02222
 -22.30728,-146.35190
 -24.46070,-146.35190
 -23.07255,  17.55344
 -23.99742, -88.63303
 -25.05427, -88.63303
 -24.04133,   9.41153
 -23.97506, -50.05922
 -22.85577,   9.66119
 -21.87926,   9.66119
 -21.42844, -15.51091
 -20.28396,   8.61031
 -19.35365,   8.61031
 -19.17583, -17.79381
 -18.25789,   6.14065
 -17.33140,   6.14065
 -17.13771, -20.16205
 -16.49864,   7.52551
 -16.18161, -16.04207
 -15.62460, -16.04207
 -15.16955,  -4.95218
 -14.99696,  -9.71068
 -14.47065,  -9.71068
 -13.57453,  -0.65222
 -12.99075,   6.64348
 -12.47157,   6.64348
 -11.49071,  16.73250
 -10.30332,  22.10604
  -9.79335,  -7.00667
 -12.90268,-168.84489
 -12.10504,  27.39664
 -12.78383, -57.43676
 -13.28808, -57.43676
 -12.66531,   2.56027
 -12.11470,   2.00507
 -11.66712,   2.00507
 -11.71505, -28.27957
 -10.82370,  16.82589
  -9.96486,  16.82589
 -11.27352, -82.59740
 -10.24043,  30.17559
  -9.73358,  -1.51560
  -9.25031,  -1.51560
  -7.92377,  38.30827
  -6.78741,  35.04706
  -5.86482,  35.04706
  -8.02547,-124.48545
  -7.11369,  20.94678
  -6.24895,  20.94678
  -6.23574, -11.18341
  -6.30175,  -8.75931
  -6.32736,  -8.75931
  -5.50858,  24.87977
  -5.34238,  -4.41860
  -4.47862,  21.05123
  -3.86758,  21.05123
  -3.48968,  16.17110
  -3.94760, -33.45451
  -4.28603, -33.45451
  -3.49956,  23.63282
  -6.38794,-146.00478
  -9.13058,-146.00478
  -8.14960,  27.58756
 -10.51707,-137.54913
  -9.46738,  39.46436
  -8.55743,  39.46436
 -11.62802,-173.98076
 -10.74202,  29.14238
  -9.99660,  29.14238
 -10.26290, -26.23568
  -9.68110,  14.11666
  -9.16244,  14.11666
  -8.71019,  14.95960
  -8.03490,  20.47605
  -8.02638, -16.50612
  -8.16928, -16.50612
  -8.08011, -15.42669
  -6.76875,  59.38831
  -5.36356,  59.38831
  -5.03554,   8.97406
  -4.70365,   9.03506
  -4.18734,  21.30532
  -3.69272,  21.30532
  -3.26535,  15.66891
  -3.27052,  -1.98837
  -2.63652,  30.37424
  -2.05461,  23.06338
  -1.92198,   5.84044
  -1.78041,  -0.23464
  -1.77793,  -0.23464
  -1.24128,  31.85478
  -0.39737,  33.49843
  -0.54719,  -5.57824
  -0.58522,  -5.57824
  -1.09549, -36.96095
  -0.12254,  48.24948
   0.90393,  48.24948
   1.31209,  15.85147
   1.18851,  -6.38981
   1.38948,  10.15763
   1.72341,  10.15763
   1.86033,   7.18317
   1.85953,   3.43635
   1.82468,   3.43635
   2.47808,  22.65392
  -0.64242,-160.24631
  -0.05762,  39.17340
   0.58529,  39.17340
  -2.73203,-174.86758
  -2.05013,  24.49707
  -1.74166,  24.49707
  -2.07408,  -5.02744
  -1.57462,  20.53938
  -1.33499,  16.25897
  -1.06384,  16.25897
  -0.95015,  18.39626
  -0.47992,  20.58468
  -0.29968,  20.58468
